CASRN,Canonical_QSARr
80-26-2,CC1CCC(CC=1)C(C)(C)OC(C)=O
109-88-6,CO
325855-90-1,CCCCCCCCC(COC1C=CC(=CC=1)S(=O)(=O)C(CC)C(=O)NC1=CC(O)=C(C=C1Cl)NC(=O)C1C=C(Cl)C(Cl)=CC=1)CCCCCC
120-55-8,O=C(OCCOCCOC(=O)C1=CC=CC=C1)C1=CC=CC=C1
682-11-1,CCC(COCC=C)(CO)CO
16891-37-5,CCOC(O)=O
29736-24-1,OC(C(O)=O)S(O)(=O)=O
667-84-5,CCOCCCNC(=O)C(O)C(C)(C)CO
521284-22-0,NC1=CC=C(CCNCC(O)C2C=CC=CC=2)C=C1
34454-97-2,CN(CCO)S(=O)(=O)C(F)(F)C(F)(F)C(F)(F)C(F)(F)F
60924-38-1,CC1(CC(OC(=O)COS(C)(=O)=O)C2(C)C3C(=O)CCC3(CCC2C)C(C)C1O)C=C
34451-26-8,FC(F)(F)C(F)(F)C(F)(F)C(F)(F)C(F)(F)C(F)(F)CCS
93-84-5,[O-][N+](=O)C1C=C2NC(=O)NC2=CC=1
126213-50-1,C1COC2=CSC=C2O1
53201-62-0,OC1C=CC(=CC=1)C(=O)OC1C=CC(=CC=1)OC(=O)C1C=CC(O)=CC=1
1182722-58-2,NC1CC2C3=CC=CC=C3N(CCC(O)=O)C=2CC1
54660-00-3,O=C1N=C(C2C1=C(NC2=O)C1C=CC=CC=1)C1C=CC=CC=1
444065-11-6,CC1CC(C(OC(=O)C2C(C#N)=C(OC(=O)N(CC(=O)OCC)CC(=O)OCC)N3N=C(NC3=2)C2C=CC(=CC=2)C(C)(C)C)C(C1)C(C)(C)C)C(C)(C)C
25485-88-5,OC1C=CC=CC=1C(=O)OC1CCCCC1
117-81-7,CCCCC(COC(=O)C1C=CC=CC=1C(=O)OCC(CCCC)CC)CC
393-85-1,COC(=O)C1C=C(F)C=CC=1[N+]([O-])=O
65870-97-5,CC(C)(C)CC(C)CC(=O)OCC(COCC(COC(=O)CC(C)CC(C)(C)C)(COC(=O)CC(C)CC(C)(C)C)COC(=O)CC(C)CC(C)(C)C)(COC(=O)CC(C)CC(C)(C)C)COC(=O)CC(C)CC(C)(C)C
145650-60-8,CCOP(OC1=C(C=C(C=C1C)C(C)(C)C)C(C)(C)C)OC1=C(C=C(C=C1C)C(C)(C)C)C(C)(C)C
2814-77-9,[O-][N+](=O)C1C=C(Cl)C(=CC=1)N=NC1=C(O)C=CC2C=CC=CC=21
5580-58-5,CC(=O)C(N=NC1C=C(C=CC=1Cl)C(=O)NC1=CC(Cl)=CC=C1C)C(=O)NC1=CC(Cl)=C(C=C1Cl)NC(=O)C(N=NC1C=C(C=CC=1Cl)C(=O)NC1=CC(Cl)=CC=C1C)C(C)=O
94-13-3,CCCOC(=O)C1C=CC(O)=CC=1
2055396-18-2,OC(=O)CN(CCN(CC(O)=O)CC(O)=O)CCN(CC(O)=O)CC(O)=O
611-06-3,[O-][N+](=O)C1=CC=C(Cl)C=C1Cl
2568-90-3,CCCCOCOCCCC
123-68-2,CCCCCC(=O)OCC=C
361442-00-4,CC(C)(C)OC(=O)NC(C(O)=O)C12CC3(O)CC(C1)CC(C3)C2
89452-37-9,C1=CC(=CC=C1S(C1C=CC=CC=1)C1C=CC=CC=1)SC1C=CC(=CC=1)S(C1C=CC=CC=1)C1C=CC=CC=1
3578-72-1,CCCCCCCCCCCCCCCCCCCCCC(O)=O
56-12-2,NCCCC(O)=O
10429-07-9,CC1C=CC(=CC=1)S(=O)(=O)OC1CCC2(C)C3CCC4(C)C(CCC4=O)C3CCC2C1
89-39-4,COC1C=CC(=CC=1[N+]([O-])=O)OC
2920-38-9,N#CC1C=CC(=CC=1)C1C=CC=CC=1
6485-40-1,CC1=CCC(CC1=O)C(C)=C
682-09-7,CCC(CO)(COCC=C)COCC=C
62-33-9,OC(=O)CN(CC(O)=O)CCN(CC(O)=O)CC(O)=O
1298086-15-3,CCOC1C=CC(=CC=1)C(OCC1C=CC=CC=1)C1C=C(Br)C=CC=1Cl
120-46-7,O=C(CC(=O)C1C=CC=CC=1)C1C=CC=CC=1
122-72-5,CC(=O)OCCCC1C=CC=CC=1
56-86-0,NC(CCC(O)=O)C(O)=O
104-20-1,CC(=O)CCC1=CC=C(C=C1)OC
6528-34-3,CC(=O)C(N=NC1C=CC(=CC=1[N+]([O-])=O)OC)C(=O)NC1C=CC=CC=1OC
498-15-7,CC1CC2C(CC=1)C2(C)C
38632-47-2,OS(=O)(=O)C(=O)NCCCCCCNC(=O)S(O)(=O)=O
1054448-65-5,CCCCCCS(=O)(=O)C1C=C(C(=CC=1)NC1C=CC2=C3C(=C(C(=O)C4C=C(C=CC=4)S(O)(=O)=O)C(=O)N2C)C2C=CC=CC=2C(=O)C=13)S(O)(=O)=O
37441-29-5,NC1C(I)=C(C(I)=C(C=1I)C(=O)Cl)C(=O)Cl
4062-46-8,CC(=O)OC1CCC2C3CCC4CC(=O)CC(C)C4(C)C3CCC12C
2495-39-8,C=CCS(O)(=O)=O
2210-79-9,CC1=CC=CC=C1OCC1CO1
71294-03-6,O=C1CC2C=CC=C(F)C=2N1
13040-19-2,CCCCCCC(O)CC=CCCCCCCCC(O)=O
14858-73-2,CCCCC(COC(=O)OCC(CCCC)CC)CC
208709-55-1,CCCCOC1C=CC(C2CCC(CCC)CC2)=C(F)C=1F
49701-24-8,CNS(=O)(=O)C1C=C(OC)C(N)=CC=1OC
124-12-9,CCCCCCCC#N
1370711-06-0,CC(C)C(CC)OC(=O)C=CC
165184-98-5,CCCCCCC(C=O)=CC1C=CC=CC=1
66170-10-3,OC1C(OC(=O)C=1OP(O)(O)=O)C(O)CO
324763-46-4,CC(C)C(CC1C=CC(OC)=C(C=1)OCCCOC)CC(N=[N+]=[N-])C1CC(C(C)C)C(=O)O1
3344-18-1,OC(=O)C(O)(CC(O)=O)CC(O)=O
138495-42-8,FC(F)(F)C(F)C(F)C(F)(F)C(F)(F)F
5510-99-6,CC(CC)C1=CC=CC(C(C)CC)=C1O
26364-65-8,N#CNC1=NCCS1
203448-76-4,CC(C)CC(C)C1C=CC=CC=1N
81-13-0,CC(C)(CO)C(O)C(=O)NCCCO
256473-04-8,FC(F)(F)COC1=CC=CN=C1Cl
922165-31-9,CCOCCOCCOC(=O)C1CCC(CC1)C(=O)OCCOCCOCC
31775-16-3,CC(=O)C(N=NC1=CC=C(C=C1Cl)C1=CC(Cl)=C(C=C1)N=NC(C(=O)NC1C=CC(=CC=1)OC)C(C)=O)C(=O)NC1C=CC(=CC=1)OC
194602-23-8,CN1CCN(CC1)S(=O)(=O)C1=CC(C(O)=O)=C(C=C1)OCC
1131-18-6,CC1C=C(N)N(N=1)C1C=CC=CC=1
74351-78-3,CC1C=C(NC(=O)C(N=NC2=CC(=CC=C2Cl)C(O)=O)C(C)=O)C(C)=CC=1NC(=O)C(N=NC1=CC(=CC=C1Cl)C(O)=O)C(C)=O
108-05-4,CC(=O)OC=C
337906-36-2,COCC1C=C(N)C=CC=1N
109-69-3,CCCCCl
1400584-86-2,COC1CCC2(CC1)NC(=O)NC2=O
1064076-86-3,CC(C)(F)CC(NC(C1C=CC(=CC=1)C1C=CC(=CC=1)S(C)(=O)=O)C(F)(F)F)C(O)=O
64696-98-6,N#CC(N=CC1C=CC=CC=1O)=C(C#N)N=CC1C=CC=CC=1O
35948-25-5,O=P1OC2C=CC=CC=2C2C=CC=CC1=2
92878-95-0,COC1C=CC(=CC=1OCCCCl)[N+]([O-])=O
32764-98-0,CC=CCCC1CCCC(=O)O1
1604-35-9,CC(C)CCCC(C)CCCC(C)(O)C#C
1035204-85-3,CC(C)(C)OC(=O)CC1CC(CCN2C(=C(C(=C2C(C)C)C(=O)NC2C=CC=CC=2)C2C=CC=CC=2)C2C=CC(F)=CC=2)OC2(CCCC2)O1
1383692-20-3,COC1N=C(N=C(N=1)OC)C1=C(O)N(C2C1=CC=CC=2F)S(=O)(=O)C(F)F
496-46-8,O=C1NC2NC(=O)NC2N1
17270-01-8,O=P(OC1C=CC(=CC=1)C1C=CC(=CC=1)OP(=O)(OC1C=CC=CC=1)OC1C=CC=CC=1)(OC1C=CC=CC=1)OC1C=CC=CC=1
18171-19-2,C[Si](CCCCl)(OC)OC
832088-68-3,CC(C)(C1C=CC(=CC=1)C#CCCN1CCC(CC1)C(O)(C1C=CC=CC=1)C1C=CC=CC=1)C(O)=O
1383706-71-5,COC1N=C(N=C(N=1)OC)C1C(=O)NC2C(F)=CC=CC=21
123-99-9,OC(=O)CCCCCCCC(O)=O
1694-31-1,CC(=O)CC(=O)OC(C)(C)C
84418-68-8,CC(C)(C)CCCCCC(O)=O
24851-98-7,CCCCCC1C(CCC1=O)CC(=O)OC
1569-02-4,CCOCC(C)O
67801-20-1,CC(C=CC1CC=C(C)C1(C)C)C(C)O
6271-80-3,[O-][N+](=O)C1=CC=CC=C1C1C=CC(Cl)=CC=1
50-78-2,CC(=O)OC1C=CC=CC=1C(O)=O
77501-63-4,CCOC(=O)C(C)OC(=O)C1C=C(C=CC=1[N+]([O-])=O)OC1C=CC(=CC=1Cl)C(F)(F)F
3089-17-6,O=C1C2=CC3NC4=CC=C(Cl)C=C4C(=O)C=3C=C2NC2=CC=C(Cl)C=C12
37439-34-2,OC1N=C(Cl)C(Cl)=CC=1Cl
5534-13-4,CC1CC2C3CCC4=CC(=O)C=CC4(C)C3(F)C(O)CC2(C)C1(OC(=O)CC)C(=O)CO
17527-29-6,C=CC(=O)OCCC(F)(F)C(F)(F)C(F)(F)C(F)(F)C(F)(F)C(F)(F)F
100-68-5,CSC1C=CC=CC=1
83-73-8,OC1=C2N=CC=CC2=C(I)C=C1I
877179-04-9,NC1C=CC(F)=CC=1C1=CC(Cl)=C(Cl)C=C1
26479-35-6,NC(=O)NC(O)=O
355-04-4,FC(C(F)(F)C(F)(F)C(F)(F)F)(C(F)(F)F)C(F)(F)F
598-50-5,CNC(N)=O
16470-24-9,OS(=O)(=O)C1C=C(C=CC=1C=CC1C=CC(=CC=1S(O)(=O)=O)NC1N=C(NC2C=CC(=CC=2)S(O)(=O)=O)N=C(N=1)N(CCO)CCO)NC1N=C(NC2C=CC(=CC=2)S(O)(=O)=O)N=C(N=1)N(CCO)CCO
99607-70-2,CCCCCC(C)OC(=O)COC1=CC=C(Cl)C2=CC=CN=C12
10081-67-1,CC(C)(C1C=CC(=CC=1)NC1C=CC(=CC=1)C(C)(C)C1C=CC=CC=1)C1C=CC=CC=1
89331-94-2,CC1=CC2OC3C=C(C=CC=3C3(OC(=O)C4C=CC=CC3=4)C=2C=C1NC1C=CC=CC=1)N(CCCC)CCCC
220410-74-2,CC1(C)CC(O)CC(C)(C)N1O
128-04-1,CN(C)C(S)=S
3741-80-8,CC(C)(C)N(SC1=NC2C=CC=CC=2S1)SC1=NC2C=CC=CC=2S1
117-08-8,O=C1OC(=O)C2C1=C(Cl)C(Cl)=C(Cl)C=2Cl
7078-98-0,CC(C)(C)C1=CC(C=C(C1=O)C(C)(C)C)=CC1C=CC=CC=1
120118-14-1,CC1C=CC(=CC=1)C1NC(C#N)=NC=1Cl
135302-13-5,COC1N=NC(=O)N1C
530-48-3,C=C(C1C=CC=CC=1)C1C=CC=CC=1
433733-92-7,CC1=CN2C3OC(CO)C(O)C3OC2=NC1=O
3720-16-9,CC1CC(CCC)CC(=O)C=1
75-57-0,C[N+](C)(C)C
874819-71-3,NP(N)(=O)NC1=CC=CC=C1[N+]([O-])=O
97-59-6,NC(=O)NC1NC(=O)NC1=O
109-43-3,CCCCOC(=O)CCCCCCCCC(=O)OCCCC
434-03-7,CC12CCC3C(CCC4=CC(=O)CCC43C)C1CCC2(O)C#C
74149-72-7,CC(CC(=O)OC)C(=O)C1=CC(=C(C=C1)NC(=O)C1C=CC(=CC=1)OC)[N+]([O-])=O
107-98-2,COCC(C)O
980-26-7,CC1=CC2=C(C=C1)NC1=CC3=C(C=C1C2=O)NC1=CC=C(C)C=C1C3=O
18637-00-8,CCOC1=CC=CC=C1C(N)=N
96383-55-0,C=C(Cl)C(=O)OCCC(F)(F)C(F)(F)C(F)(F)C(F)(F)C(F)(F)C(F)(F)F
24863-70-5,CCCCCC1=C(CCC1=O)CC(=O)OC
599-64-4,CC(C)(C1C=CC=CC=1)C1C=CC(O)=CC=1
1432505-97-9,CC1C=CC(=CC=1)S(=O)(=O)OC1=CC=CC=C1C(=O)OC
59130-69-7,CCC(CCCC)C(=O)OCCCCCCCCCCCCCCCC
5945-33-5,CC(C)(C1C=CC(=CC=1)OP(=O)(OC1C=CC=CC=1)OC1C=CC=CC=1)C1C=CC(=CC=1)OP(=O)(OC1C=CC=CC=1)OC1C=CC=CC=1
736-30-1,[O-][N+](=O)C1C=CC(CCC2C=CC(=CC=2)[N+]([O-])=O)=CC=1
78620-07-2,OOP(O)(=O)CC(O)=O
117646-83-0,CCCCC(COCCOCCOC(=O)C=C)CC
142-17-6,CCCCCCCCC=CCCCCCCCC(O)=O
13052-09-0,CC(C)(CCC(C)(C)OOC(=O)C(CCCC)CC)OOC(=O)C(CCCC)CC
130841-23-5,[O-][N+](=O)C1=CC(Cl)=C(C=C1Cl)OC(F)(F)C(F)C(F)(F)F
93-68-5,CC(=O)CC(=O)NC1C=CC=CC=1C
84-74-2,CCCCOC(=O)C1=CC=CC=C1C(=O)OCCCC
59-42-7,CNCC(O)C1C=C(O)C=CC=1
105-75-9,CCCCOC(=O)C=CC(=O)OCCCC
24088-77-5,CC1=CC2OC(=O)NC(=O)C=2C=C1
1638-86-4,CCOP(OCC)C1C=CC=CC=1
4273-92-1,COC1=CC(NC(=O)C2C=C3C=CC=CC3=CC=2O)=C(C=C1Cl)OC
129332-29-2,CC(C)N1C2C=CC=CC=2C(=C1C=CC(O)CC(O)CC(=O)OC(C)(C)C)C1=CC=C(F)C=C1
3598-16-1,OC(=O)COC1C=CC=CC=1
40573-09-9,FC(F)(F)OC(F)(F)C(F)(F)C(F)(F)OC(F)=C(F)F
118-82-1,CC(C)(C)C1=CC(CC2=CC(=C(O)C(=C2)C(C)(C)C)C(C)(C)C)=CC(=C1O)C(C)(C)C
98-53-3,CC(C)(C)C1CCC(=O)CC1
91-96-3,CC1C=C(C=CC=1NC(=O)CC(C)=O)C1C=C(C)C(=CC=1)NC(=O)CC(C)=O
1119-40-0,COC(=O)CCCC(=O)OC
26591-72-0,C[N+]1=CN(C=C)C=C1
61007-89-4,OC1C=CC=CC=1C=NCCN(CCN=CC1C=CC=CC=1O)CCN=CC1C=CC=CC=1O
69322-01-6,OC1C=CC(=CC=1)C(O)C(O)=O
192389-48-3,CCOC(=O)CC(NCCC[Si](OC)(OC)OC)C(=O)OCC
382-28-5,FC(F)(F)N1C(F)(F)C(F)(F)OC(F)(F)C1(F)F
494799-36-9,OC(=O)C1C=C2NC=C(C3CCCC3)C2=CC=1
13361-34-7,CCCCC(COC(=O)CC#N)CC
16669-27-5,CC(=C)C(=O)OCCCCCCCCCCCCCCCCCCCCCC
1187-74-2,CC(=O)CC(CC(=O)OCC)C(=O)OCC
7365-45-9,OCCN1CCN(CCS(O)(=O)=O)CC1
1253791-42-2,CC(C)OC(=O)C1C=C2C(=CC=1)C(C1CCCC1)=C(Br)N2C
24544-08-9,CC1C=C(CC)C(N)=C(CC)C=1
542-02-9,CC1N=C(N)N=C(N)N=1
125109-85-5,CC(C)C1=CC(=CC=C1)C(C)CC=O
15571-48-9,CC(C)O
66918-01-2,CC(CC(C)(C)C)C(COC(=O)C(O)CC(=O)OCC(CCC(C)CC(C)(C)C)C(C)CC(C)(C)C)CCC(C)CC(C)(C)C
1015689-48-1,COC1C=C(C=CC=1OC(=O)C1C=CC(=CC=1)OC(=O)C=C)C(=O)OC1COC2C1OCC2OC(=O)C1=CC(OC)=C(C=C1)OC(=O)C1C=CC(=CC=1)OC(=O)C=C
198479-63-9,CC1=C(NC2C=CC(=CC=21)OCC1C=CC=CC=1)C1C=CC(=CC=1)OCC1C=CC=CC=1
109-78-4,N#CCCO
1797437-47-8,COC1C=CC(Cl)=CC=1P(C1C=C(Cl)C=CC=1OC)C1C=C(Cl)C=CC=1OC
631-61-8,CC(O)=O
217308-07-1,OC(=O)C(O)C1C=CC=CC=1
61444-38-0,CCC=CCC(=O)OCCC=CCC
709031-43-6,CC(C)(C)OC(=O)NC(C(=O)N1C2CC2CC1C#N)C12CC3(O)CC(C1)CC(C2)C3
103335-54-2,CC12CCC3C(CCC4=NC(=O)CCC43C)C1CCC2C(O)=O
4454-16-4,CCCCC(CC)C(O)=O
2414-98-4,CCO
7450-69-3,NP(N)(=O)OC1C=CC=CC=1
84-65-1,O=C1C2C=CC=CC=2C(=O)C2C=CC=CC1=2
307-34-6,FC(F)(F)C(F)(F)C(F)(F)C(F)(F)C(F)(F)C(F)(F)C(F)(F)C(F)(F)F
24085-06-1,CC(=O)OC1C=CC(=CC=1COC(C)=O)C(C)=O
1445870-18-7,CC(CC(C)(C)C)CC(=O)OCCN1C(C)(C)CC(CC1(C)C)OC(=O)CC(C)CC(C)(C)C
497-18-7,NNC(=O)NN
1253789-90-0,CC(C)OC(=O)C1=CC2=C(C=C1)C(=CN2C)C1CCCC1
371756-75-1,CC(O)CN(CC(C)O)C1N=C(NC2C=C(C(C=CC3C=CC(=CC=3S(O)(=O)=O)NC3=NC(=NC(NC4C=C(C=CC=4S(O)(=O)=O)S(O)(=O)=O)=N3)N(CC(C)O)CC(C)O)=CC=2)S(O)(=O)=O)N=C(NC2C=C(C=CC=2S(O)(=O)=O)S(O)(=O)=O)N=1
214417-91-1,CC(C)CC(C)N=NC(=O)C1=CC2C=CC=CC=2C=C1O
143390-89-0,CC1C=CC=CC=1OCC1C=CC=CC=1C(=NOC)C(=O)OC
533-96-0,OC(O)=O
119-47-1,CC(C)(C)C1=CC(C)=CC(CC2=CC(C)=CC(=C2O)C(C)(C)C)=C1O
26184-62-3,CCCC(C)O
41263-74-5,CNC1C=CC(=CC=1[N+]([O-])=O)C(O)=O
19694-10-1,NC1=CC(=CC=C1Cl)C(N)=O
732-26-3,CC(C)(C)C1=CC(=C(O)C(=C1)C(C)(C)C)C(C)(C)C
88949-33-1,O=C1N=C(C2C1=C(NC2=O)C1C=CC(=CC=1)C1C=CC=CC=1)C1C=CC(=CC=1)C1C=CC=CC=1
14352-61-5,COC(=O)CC1CCCCC1
3159-62-4,CCCCCCC(O)CCCCCCCCCCC(O)=O
85-27-8,CC(C1C=CC(O)=CC=1O)C1C=CC=CC=1
36968-27-1,COC1C=CC=CC=1NC(=O)C1C=C2C=CC=CC2=C(N=NC2C=CC(=CC=2)C(N)=O)C=1O
42233-75-0,CCCCCCCCCCCCCCCCCCCCCCOC(=O)CCCCCCCCC(=O)OCCCCCCCCCCCCCCCCCCCCCC
120-35-4,COC1C=CC(=CC=1N)C(=O)NC1C=CC=CC=1
4151-51-3,O=C=NC1C=CC(=CC=1)OP(=S)(OC1C=CC(=CC=1)N=C=O)OC1C=CC(=CC=1)N=C=O
1435-71-8,CC1=CC(N=NC2C=CC=CC=2[N+]([O-])=O)=C(O)C=C1
4488-57-7,C1C=CC2C1C1CC2CC1
697235-49-7,OC(=O)C1=CC=CC=C1NC(=O)CCC1C=CC(O)=CC=1
1458-18-0,COC(=O)C1=NC(Cl)=C(Cl)N=C1N
55699-10-0,CC(C)(C)C1C=C(C)C(CC#N)=C(C)C=1O
204277-61-2,CC(=O)NC1C=C(C(=CC=1N=NC1C(Cl)=CC(=CC=1C#N)[N+]([O-])=O)OC)N(CC(=O)OC)C(C)C(=O)OC
59487-23-9,COC1=CC(OC)=C(Cl)C=C1NC(=O)C1=CC2=CC=CC=C2C(N=NC2=CC(=CC=C2OC)C(=O)NC2C=CC(=CC=2)C(N)=O)=C1O
111850-24-9,CC(CC)C1=CC(=CC(C(C)CC)=C1O)N=NC1C=CC(=CC=1)[N+]([O-])=O
67874-37-7,CC(C)CCCCCCCCCCOP(OC1C=CC=CC=1)OCCCCCCCCCCC(C)C
2986-54-1,COC1CCCCCCCCCCC1
54839-24-6,CCOCC(C)OC(C)=O
6962-44-3,CC1C=C(NC(C)=O)C(=CC=1)OC
55514-22-2,C1=CC(=CC=C1C1N=C(C(=NN=1)C1C=CC=CC=1)C1C=CC=CC=1)C1N=C(C(=NN=1)C1C=CC=CC=1)C1C=CC=CC=1
135861-56-2,CC1=CC=C(C=C1C)C1OCC2OC(OC(C2O1)C(O)CO)C1C=C(C)C(C)=CC=1
101-80-4,NC1C=CC(=CC=1)OC1C=CC(N)=CC=1
6092-54-2,CCCCCCOC(=O)Cl
1231148-36-9,C1OC2=CC=CC=C2N=C=NC2=CC=CC=C2OCC21COC1=CC=CC=C1N=C=NC1=CC=CC=C1OC2
52-90-4,NC(CS)C(O)=O
2512-29-0,CC(=O)C(N=NC1=CC=C(C)C=C1[N+]([O-])=O)C(=O)NC1C=CC=CC=1
111439-76-0,CC(C)[Si](CC(C)C)(OC)OC
1671-49-4,CC1C=CC(=CC=1[N+]([O-])=O)S(C)(=O)=O
1364731-90-7,CC1C=CC=C(C)C=1OS(=O)(=O)C1C=CC(O)=CC=1
924-42-5,C=CC(=O)NCO
827-52-1,C1CCCCC1C1C=CC=CC=1
306-94-5,FC1(F)C2(F)C(F)(C(F)(F)C(F)(F)C1(F)F)C(F)(F)C(F)(F)C(F)(F)C2(F)F
112-18-5,CCCCCCCCCCCCN(C)C
108-32-7,CC1COC(=O)O1
7319-16-6,CC=COC
72901-31-6,CCCCCCCCC=CCCCCCCCC(=O)NCCCCCCCCC=CCCCCCCCC
109884-54-0,CC(C)(COC(=O)CCCCCCCCCC(C)CCCC(C)C)COC(=O)CCCCCCCCCC(C)CCCC(C)C
18742-02-4,BrCCC1OCCO1
1447712-18-6,CC1=CCC(CCC)CC1=O
1052075-57-6,CC(=C)C(=O)OCCOCCC[Si](C)(C)O[Si](C)(C)O[Si](C)(C)O[Si](C)(C)O[Si](C)(C)CCCC
1071-93-8,NNC(=O)CCCCC(=O)NN
119851-28-4,CC(=O)C1C=CC(=CC=1Cl)OC1C=CC(Cl)=CC=1
39903-01-0,NC1N=CC(Br)=CC=1O
1231728-34-9,CC(CC(O)=O)CC(C)(C)C
507448-65-9,CCOC(=O)CC(=NC)C(F)(F)F
5488-51-7,CC12CCC3C(=CC=C4CC5(CCC43C)OCCO5)C1CCC2C1(C)OCCO1
95-73-8,CC1=CC=C(Cl)C=C1Cl
10309-37-2,CC(C)=CCCC(C)(C=C)C=CC1C=CC(O)=CC=1
97-36-9,CC(=O)CC(=O)NC1=CC=C(C)C=C1C
1927-95-3,CC(=O)OC1C=CC(Br)=CC=1
10543-57-4,CC(=O)N(CCN(C(C)=O)C(C)=O)C(C)=O
10420-33-4,CC(=O)C(CC(=O)OC)C(=O)OC
99-08-1,CC1=CC(=CC=C1)[N+]([O-])=O
22094-93-5,CC(=O)C(N=NC1C=C(Cl)C(=CC=1Cl)C1C=C(Cl)C(=CC=1Cl)N=NC(C(=O)NC1=CC=C(C)C=C1C)C(C)=O)C(=O)NC1=CC=C(C)C=C1C
187393-00-6,COC1C=CC(=CC=1)C1N=C(N=C(N=1)C1=CC=C(C=C1O)OCC(CCCC)CC)C1C=CC(=CC=1O)OCC(CCCC)CC
31837-42-0,CC(=O)C(N=NC1=CC=CC=C1C(O)=O)C(=O)NC1=CC2NC(=O)NC=2C=C1
70280-68-1,C[Si](CCCOCC(O)CO)(O[Si](C)(C)C)O[Si](C)(C)C
126050-54-2,CCC(COP1OC2C(=CC(=CC=2CC2C=C(C=C(C=2O1)C(C)(C)C)C(C)(C)C)C(C)(C)C)C(C)(C)C)CCCC
6197-30-4,CCCCC(COC(=O)C(C#N)=C(C1C=CC=CC=1)C1C=CC=CC=1)CC
745070-61-5,CC(C)(C)C(=O)NC1C=C(C=C(C=1)NC(=O)C(C)(C)C)NC(=O)C(C)(C)C
1378867-81-2,CC(C)C1CC=C(CC1)CCC=O
5447-86-9,CC1(C)C2=CC=CC=C2C(=O)C2=CC=CC=C12
72681-01-7,CC(CCC1C=CC=CC=1)CC(C)O
6334-25-4,OCCN(CCO)C(=O)CCCCC(=O)N(CCO)CCO
5613-46-7,CC(C)(C1=CC(C)=C(O)C(C)=C1)C1=CC(C)=C(O)C(C)=C1
873888-84-7,CCC=CCC(C)OC(=O)C1C=CC=CC=1O
106-70-7,CCCCCC(=O)OC
36097-07-1,FC(F)(F)C(F)(F)C(F)(F)C(F)(F)C(F)(F)C(F)(F)CCSCCCCS
118-60-5,CCCCC(COC(=O)C1C=CC=CC=1O)CC
3238-40-2,OC(=O)C1=CC=C(O1)C(O)=O
73-32-5,CC(CC)C(N)C(O)=O
58-22-0,CC12CCC3C(CCC4=CC(=O)CCC43C)C1CCC2O
51981-21-6,OC(=O)CCC(C(O)=O)N(CC(O)=O)CC(O)=O
15245-44-0,[O-][N+](=O)C1=C(O)C(=CC(=C1O)[N+]([O-])=O)[N+]([O-])=O
620-67-7,CCCCCCC(=O)OC(COC(=O)CCCCCC)COC(=O)CCCCCC
102340-61-4,CC1C=C(C=C2CCC(C)(CCCC(C)CCCC(C)CCCC(C)C)OC=12)OC1OC(CO)C(O)C(O)C1O
1354632-48-6,CC(=O)NC1C=C(N)C(=CC=1N=NC1C=C(C=CC=1)S(=O)(=O)CCOS(O)(=O)=O)S(O)(=O)=O
93-58-3,COC(=O)C1C=CC=CC=1
19719-28-9,OC(=O)CC1C=CC(Cl)=CC=1Cl
26576-46-5,CC(=O)CC(=O)NC1=CC2NC(=O)NC=2C=C1
185257-07-2,CC(C#N)N(CC#N)CC#N
50998-13-5,CC(=O)NC1C(OC(O)(CC1O)C(=O)OC)C(O)C(O)CO
167374-38-1,CC1C=C(OCC2=CC=CC=C2C(=NOC)C(=O)OC)C(C)=CC=1
74441-06-8,NC1C=CC(=CC=1)C(O)=NC1C=CC(=CC=1)C(N)=O
286938-65-6,CCCCCCCCCCCCCC[Si](C)(O[Si](C)(C)C)O[Si](C)(C)C
2436-90-0,CC(CCC=C(C)C)C=C
98730-04-2,CC1COC2C=CC=CC=2N1C(=O)C(Cl)Cl
104-61-0,CCCCCC1CCC(=O)O1
121315-20-6,NC1C=C(C=CC=1)C(=O)NCCS(=O)(=O)CCOS(O)(=O)=O
1637294-12-2,CC1C=C(CC(C)C)C=CC=1CCC=O
256-96-2,C1=CC2=CC=CC=C2NC2=CC=CC=C21
1115-30-6,CC(=O)C(CC(=O)OCC)C(=O)OCC
6448-95-9,CC1=CC=C(C=C1N=NC1=C(O)C(=CC2=CC=CC=C21)C(=O)NC1C=CC=CC=1)[N+]([O-])=O
67014-36-2,CC1=CC2N=C(O)NC=2C=C1N
6331-96-0,NC1C=C(Cl)C(Cl)=CC=1S(O)(=O)=O
80-04-6,CC(C)(C1CCC(O)CC1)C1CCC(O)CC1
623-53-0,COC(=O)OCC
20846-91-7,OC(=O)CC(NCCNC(CC(O)=O)C(O)=O)C(O)=O
119-84-6,O=C1CCC2C=CC=CC=2O1
51181-50-1,OCCN(CC(O)=O)CCN(CC(O)=O)CC(O)=O
112-75-4,CCCCCCCCCCCCCCN(C)C
105-99-7,CCCCOC(=O)CCCCC(=O)OCCCC
757-86-8,COC(=O)CSP(=S)(OC)OC
1592-23-0,CCCCCCCCCCCCCCCCCC(O)=O
615-16-7,OC1NC2=CC=CC=C2N=1
2873-97-4,CC(=O)CC(C)(C)NC(=O)C=C
765-12-8,C=COCCOCCOCCOC=C
2146-71-6,CCCCCCCCCCCC(=O)OC=C
790240-84-5,CCN(CCCNC1N=C(NC2C=CC3=C(C=C(C(N=NC4=CC=C5NC(=O)NC5=C4)=C3O)S(O)(=O)=O)C=2)N=C(NCCCN(CC)CC)N=1)CC
86-39-5,O=C1C2=CC=CC=C2SC2=CC=C(Cl)C=C21
877399-00-3,CC(OC1C=C(Br)C=NC=1N)C1C(Cl)=C(F)C=CC=1Cl
23783-42-8,COCCOCCOCCOCCO
1120-24-7,CCCCCCCCCCN(C)C
103043-58-9,CCCCCC(COC(=O)CCCCC(=O)OCC(CCC)CCCCC)CCC
3753-18-2,COCC1C=CC(=CC=1)C1C=CC(COC)=CC=1
28016-00-4,CCCCCCCCCC1=C(C2C=CC=CC=2C=C1CCCCCCCCC)S(O)(=O)=O
129423-54-7,CC1=NN(C2C=C(C=CC=2)S(O)(=O)=O)C(=O)C1N=NC1C=C(Cl)C(C)=CC=1S(O)(=O)=O
107-52-8,C[Si](C)(C)O[Si](C)(C)O[Si](C)(C)O[Si](C)(C)O[Si](C)(C)O[Si](C)(C)C
95-68-1,CC1=CC(C)=C(N)C=C1
12236-64-5,CC(=O)NC1C=CC(=CC=1)NC(=O)C1=CC2=CC=CC=C2C(N=NC2=CC(=CC=C2Cl)C(N)=O)=C1O
16260-27-8,CCCCCCCCCCCCCC(O)=O
5343-44-2,CCCCCCCCCCCC(=O)N(CCCC)CCCC
2344-80-1,C[Si](C)(C)CCl
33456-68-7,COC1=CC2=C(C=C1)C(C)(C)C(=O)N(CCC1C=CC(=CC=1)S(N)(=O)=O)C2=O
25157-64-6,O=C1NC(=O)C(N=NC2C(=O)NC(=O)NC2=O)C(=O)N1
103597-45-1,CC(C)(C)CC(C)(C)C1=CC(CC2C=C(C=C(C=2O)N2N=C3C=CC=CC3=N2)C(C)(C)CC(C)(C)C)=C(O)C(=C1)N1N=C2C=CC=CC2=N1
583-55-1,BrC1C=CC=CC=1I
2901-13-5,CC(C)(C(=O)OCC)C1C=CC=CC=1
19900-69-7,CC(C)C1C=C(CC2=CC(C(C)C)=C(N)C(=C2)C(C)C)C=C(C(C)C)C=1N
3874-54-2,O=C(CCCCl)C1C=CC(F)=CC=1
24731-73-5,CC(=O)CC(=O)NC1C=CC(=CC=1)NC(=O)CC(C)=O
134652-60-1,CC(=C)C(=O)O[Si](C(C)C)(C(C)C)C(C)C
1073607-50-7,CC1(C)C2=C(C=CC3C=CC=CC=32)[N+](CCCCS(O)(=O)=O)=C1C=CC1CCCC(=CC=C2N(CCCCS(O)(=O)=O)C3C=CC4C=CC=CC=4C=3C2(C)C)C=1Cl
36687-82-8,C[N+](C)(C)CC(O)CC(O)=O
99305-42-7,CCCCOC(=O)NC1CCC(CC2CCC(CC2)NC(=O)OCCCC)CC1
931-40-8,OCC1COC(=O)O1
1271172-98-5,NC1N=C(N)NC(=N)N=1
39670-09-2,CC(=C)C(=O)OCCOCCOCCOCC
83857-96-9,CCCCC1NC(Cl)=C(C=O)N=1
17465-86-0,OC1C2OC3OC(CO)C(OC4OC(CO)C(OC5OC(CO)C(OC6OC(CO)C(OC7OC(CO)C(OC8OC(CO)C(OC9OC(CO)C(OC(OC2CO)C1O)C(O)C9O)C(O)C8O)C(O)C7O)C(O)C6O)C(O)C5O)C(O)C4O)C(O)C3O
879-57-2,CCOC1=CC=CC=C1C(N)=NO
2156-97-0,CCCCCCCCCCCCOC(=O)C=C
13223-43-3,COC1C=C(OC)N2N=C(N)N=C2N=1
102-56-7,COC1C=CC(=CC=1N)OC
2726-73-0,CCCCCCC(O)CCCCCCCCCCCO
122-63-4,CCC(=O)OCC1C=CC=CC=1
119959-84-1,CC1C=C(C=CC=1OC(=O)C1C=CC(O)=CC=1)OC(=O)C1C=CC(O)=CC=1
3386-33-2,CCCCCCCCCCCCCCCCCCCl
93-70-9,CC(=O)CC(=O)NC1C=CC=CC=1Cl
77745-66-5,CC(C)CCCCCCCCCCOP(OCCCCCCCCCCC(C)C)OCCCCCCCCCCC(C)C
17980-47-1,CC(C)C[Si](OCC)(OCC)OCC
183476-82-6,CCCCCCCCC(CCCCCC)C(=O)OCC(OC(=O)C(CCCCCC)CCCCCCCC)C1OC(=O)C(OC(=O)C(CCCCCCCC)CCCCCC)=C1OC(=O)C(CCCCCC)CCCCCCCC
3709-71-5,FC(F)(F)C(F)=C(F)C(F)(C(F)(F)F)C(F)(F)F
116-16-5,O=C(C(Cl)(Cl)Cl)C(Cl)(Cl)Cl
68418-51-9,O=C(C1C=CC=CC=1)C1(F)CC=C(F)C=C1
67786-25-8,CC(O)CN(CC(C)O)C1N=C(NC2C=C(C(C=CC3C=CC(=CC=3S(O)(=O)=O)NC3=NC(=NC(NC4C=CC(=CC=4)S(O)(=O)=O)=N3)N(CC(C)O)CC(C)O)=CC=2)S(O)(=O)=O)N=C(NC2C=CC(=CC=2)S(O)(=O)=O)N=1
474510-57-1,CC(C)(O)C(=O)C1C=CC(CC2C=CC(=CC=2)C(=O)C(C)(C)O)=CC=1
883794-93-2,C1CO[Si]2(CCCSSCCC[Si]34OCCN(CCO3)CCO4)OCCN1CCO2
342573-75-5,CCN1C=[N+](C)C=C1
94-91-7,CC(CN=CC1=CC=CC=C1O)N=CC1=CC=CC=C1O
40306-75-0,CC(=O)NC1=CC(=CC(N)=C1O)S(O)(=O)=O
899-79-6,COC1=CC2CCCC(=CCC3(C)C(=O)CCC3=O)C=2C=C1
26116-57-4,COC1(C)CC(OC(C)C1O)OC1C(C)C(OC2OC(C)CC(C2O)N(C)C)C(C)(O)CC(C)C(=NO)C(C)C(O)C(C)(O)C(CC)OC(=O)C1C
25869-00-5,C#N
617-52-7,COC(=O)CC(=C)C(=O)OC
1497420-94-6,CCCCCCOC1CCC(C)(C)O1
85187-23-1,CC(C)C1=CC(C(C)C)=C(C(C(C)C)=C1[N+]([O-])=O)[N+]([O-])=O
298692-41-8,CC(C)OC(=O)NP(N)(N)=O
540734-22-3,CC1C=CCC(C)(C)C1C(=O)OC
84-51-5,CCC1=CC2=C(C=C1)C(=O)C1C=CC=CC=1C2=O
29911-27-1,CCCOCC(C)OCC(C)O
371771-07-2,CC(C)(CS(C)=O)N=C(O)C1=CC=CC=C1C(=O)NC1=CC=C(C=C1C)C(F)(C(F)(F)F)C(F)(F)F
50-89-5,CC1=CN(C2CC(O)C(CO)O2)C(=O)NC1=O
840-65-3,COC(=O)C1=CC2C=CC(=CC=2C=C1)C(=O)OC
2605-79-0,CCCCCCCCCC[N+](C)(C)[O-]
494799-38-1,COC(=O)C1C=C2C(=CC=1)C(=CN2C)C1CCCC1
26787-78-0,CC1(C)SC2C(NC(=O)C(N)C3C=CC(O)=CC=3)C(=O)N2C1C(O)=O
46830-22-2,C[N+](C)(CC1C=CC=CC=1)CCOC(=O)C=C
84632-59-7,CC(C)(C)C1C=CC(=CC=1)C1=NC(=O)C2C1C(=O)NC=2C1C=CC(=CC=1)C(C)(C)C
52793-11-0,CC(=O)CC(=O)NC1=CC(Cl)=CC=C1OC
110-83-8,C1CCCC=C1
1333481-90-5,OC1CC(CCN2C(=O)C3=CC=CC=C3C2=O)OC(O)C1
112-69-6,CCCCCCCCCCCCCCCCN(C)C
1003859-14-0,FC(F)CNCC1C=NC(Cl)=CC=1
14078-41-2,CC(C)(C)C1=CC(=CC(C2C=C(C=C(C=2O)C(C)(C)C)OC)=C1O)OC
105194-34-1,O=C1N=C(C2C1=C(NC2=O)C1C=CC(=CC=1)C1C=CC=CC=1)C1C=CC(Cl)=CC=1
6471-50-7,CC1C=CC=CC=1NC(=O)C1C=C2C=CC=CC2=C(N=NC2C=CC(Cl)=CC=2[N+]([O-])=O)C=1O
224785-90-4,CC1N=C(CCC)N2NC(=NC(=O)C2=1)C1=CC(=CC=C1OCC)S(=O)(=O)N1CCN(CC1)CC
19224-29-4,CC(C)(C1C=CC(=CC=1)OCCOC(C)=O)C1C=CC(=CC=1)OCCOC(C)=O
87010-29-5,OCCCN1CCOC1=O
49564-57-0,CC1C=C(N)C(=CC=1S(=O)(=O)NC)OC
56-89-3,NC(CSSCC(N)C(O)=O)C(O)=O
2162-74-5,CC(C)C1C=CC=C(C(C)C)C=1N=C=NC1C(=CC=CC=1C(C)C)C(C)C
69184-17-4,COC(=O)COC1=NC(F)=C(Cl)C(N)=C1Cl
302-23-8,CC12CCC3C(CCC4=CC(=O)CCC43C)C1CCC2(OC(C)=O)C(C)=O
75-26-3,CC(C)Br
68584-22-5,CCCCCCCCCC
63187-91-7,CC(C)C1CCC(C)CC21OC(CO2)CO
114772-54-2,N#CC1=CC=CC=C1C1C=CC(CBr)=CC=1
22174-70-5,CCCCC(COCOCC(CCCC)CC)CC
60-35-5,CC(N)=O
67-51-6,CC1=CC(C)=NN1
7398-69-8,C[N+](C)(CC=C)CC=C
1193-24-4,OC1C=C(O)N=CN=1
26401-35-4,CC(C)CCCCCCCCCCOC(=O)CCCCC(=O)OCCCCCCCCCCC(C)C
1393708-17-2,CCN(CC)C(=O)C1=C[N+](CCCS([O-])(=O)=O)=CC=C1
14543-49-8,COCC=CCCCC=C
5698-98-6,C=CC(O)=O
10109-95-2,OC(=O)C1C=C(NC2C=CC=CC=2)C(=CC=1NC1C=CC=CC=1)C(O)=O
84632-50-8,N#CC1=CC(=CC=C1)C1NC(=O)C2C=1C(=O)N=C2C1=CC(=CC=C1)C#N
2976-74-1,OC(=O)COC1C=CC=C(Cl)C=1Cl
111-34-2,CCCCOC=C
131513-00-3,C=CC(=O)OCCCCOC(=O)OC1C=CC(=CC=1)C(=O)C1C=CC=CC=1
126-57-8,CCC(COC(=O)CCCCCCCC)(COC(=O)CCCCCCCC)COC(=O)CCCCCCCC
297730-93-9,CCOC(F)(C(F)(C(F)(F)F)C(F)(F)F)C(F)(F)C(F)(F)C(F)(F)F
107898-54-4,CC(O)C(C)(C)C=CC1CC=C(C)C1(C)C
3081-14-9,CC(C)CCC(C)NC1C=CC(=CC=1)NC(C)CCC(C)C
14221-01-3,C1=CC=CC=C1P(C1C=CC=CC=1)C1C=CC=CC=1
143-24-8,COCCOCCOCCOCCOC
89392-03-0,COC1=CC(=NC(NC(=O)OC2C=CC=CC=2)=N1)OC
2687-96-9,CCCCCCCCCCCCN1CCCC1=O
12225-18-2,CC(=O)C(N=NC1=CC(OC)=C(C=C1OC)S(=O)(=O)NC1C=CC=CC=1)C(=O)NC1=CC(OC)=C(Cl)C=C1OC
3520-72-7,CC1=NN(C2C=CC=CC=2)C(=O)C1N=NC1=CC=C(C=C1Cl)C1=CC(Cl)=C(C=C1)N=NC1C(=O)N(N=C1C)C1C=CC=CC=1
5372-81-6,COC(=O)C1C=C(N)C(=CC=1)C(=O)OC
6615-00-5,CC12CC(O)C3C(CCC4=CC(=O)CCC43)C1CCC2=O
1333488-95-1,COC(=O)C(=CC1C=CC=C2OC(F)(F)OC=12)C#N
109293-98-3,CC(N=NC(=O)NC1C=C(F)C=C(F)C=1)C1N=CC=CC=1C(O)=O
72-18-4,CC(C)C(N)C(O)=O
42399-49-5,COC1=CC=C(C=C1)C1SC2=CC=CC=C2NC(=O)C1O
13501-76-3,C[Si](CCCCl)(OCC)OCC
6358-37-8,CC(=O)C(N=NC1=CC=C(C=C1Cl)C1=CC(Cl)=C(C=C1)N=NC(C(=O)NC1C=CC(C)=CC=1)C(C)=O)C(=O)NC1C=CC(C)=CC=1
1006-23-1,NC1N=C(N)N=C(N)C=1N=O
70210-05-8,CC1C=CC(=CC=1)S(=O)(=O)NC1=CC(=CC2=CC(=C(N=NC3C=CC(=CC=3OC3C=CC=CC=3C)OC3C=CC=CC=3C)C(O)=C12)S(O)(=O)=O)S(O)(=O)=O
629-11-8,OCCCCCCO
494-19-9,C1CC2=CC=CC=C2NC2=CC=CC=C21
7474-78-4,NC1=CC(=CC=C1N)S(O)(=O)=O
34432-92-3,CC(C)COC(C)OCCN(CC)C1=CC=C(C=C1)N=NC1=CC=CC=C1
115895-09-5,CCOC(=O)C1=CC(Cl)=C(OC(=O)OCCCCCCCCCCCCCCCC)C(Cl)=C1
119895-68-0,O=CC1C=CC=C2OC(F)(F)OC2=1
5398-29-8,NC(=N)SCCC(O)=O
21643-42-5,CCCCCCCCCCCCCCOC(=O)C=C
62899-75-6,CCN(C1CCCCC1)C(=O)Cl
914918-26-6,COC(=O)C1C=C(C=CC=1OC(=O)C1=CC2=CC=C(C=C2C=C1)OC(=O)OCCCCOC(=O)C=C)OC(=O)C1=CC2=CC=C(C=C2C=C1)OC(=O)OCCCCOC(=O)C=C
474754-93-3,CC1C=C(NC(=O)C(CCCCCC)CCCCCCCC)C(O)=CC=1
2149581-44-0,CC(=C)C(=O)OCCOCCOC1C=CC(=CC=1)C(=O)C1C=CC=CC=1
38083-17-9,CC(C)(C)C(=O)C(OC1C=CC(Cl)=CC=1)N1C=NC=C1
45021-77-0,C[N+](C)(C)CCCNC(=O)C=C
141645-16-1,CCCCC1OC2C=CC(=CC=2C=1C(=O)C1C=CC(O)=CC=1)[N+]([O-])=O
64131-85-7,[O-][N+](=O)C1C=CC(=CC=1)OP(=S)(OC1C=CC(=CC=1)[N+]([O-])=O)OC1C=CC(=CC=1)[N+]([O-])=O
73-22-3,NC(CC1=CNC2=CC=CC=C21)C(O)=O
76318-69-9,CC12CCC(=O)NC1CCC1C2CCC2(C)C1CCC2=O
35123-06-9,CC(O)C(=O)N(C)C
120298-38-6,CC(=O)NC1CC(C)S(=O)(=O)C2SC(=CC=21)S(N)(=O)=O
379268-96-9,CC(C)(C)C1=NN2N=C(NC2=C1Cl)C1=CC=C(C=C1)NC(=O)COC(=O)C(CCCCCC)CCCCCCCC
1271488-66-4,CCCCCC1C(CCC1=O)C(=O)OC
2402-79-1,ClC1=CC(Cl)=C(Cl)N=C1Cl
144702-27-2,CN1C(=NC2=CC=CC=C12)C1C=C(C)C2N=C(CCC)N(CC3C=CC(=CC=3)C3=CC=CC=C3C#N)C=2C=1
3101-60-8,CC(C)(C)C1C=CC(=CC=1)OCC1CO1
1472-93-1,COC(=O)CCCCCCCCCCCCCCCCC(=O)OC
35501-23-6,CCCCN(C[Si](OCC)(OCC)OCC)CCCC
632-79-1,O=C1OC(=O)C2C1=C(Br)C(Br)=C(Br)C=2Br
355-02-2,FC(F)(F)C1(F)C(F)(F)C(F)(F)C(F)(F)C(F)(F)C1(F)F
5165-97-9,CC(C)(CS(O)(=O)=O)NC(=O)C=C
59673-82-4,COC(=O)C1C=CC(=CC=1N)C(=O)NC1=CC(Cl)=CC=C1Cl
727678-39-9,CC(C)(C)C1C=C(NC(=O)C(C2=NC3=CC=CC=C3S(=O)(=O)N2CCCOCCCC)N2C(=O)C(C)(C)OC2=O)C(=CC=1)SCC(CCCC)CC
162691-59-0,CC1(C)CC2OC(C)OC2=C(C)C1(O)C#CC(C)(C=C)OC(C)OCC
1467668-33-2,CC(C)(CC(C)O)OOC(=O)C(C)(CCCCC)CC
131-57-7,COC1C=C(O)C(=CC=1)C(=O)C1C=CC=CC=1
57-88-5,CC(C)CCCC(C)C1CCC2C3CC=C4CC(O)CCC4(C)C3CCC12C
1487263-87-5,CCCCCCCCC1OC1CCCCCCCC(=O)OCC(COC(C)=O)OC(C)=O
18916-17-1,CC1OC(OC2C(OC(CO)C(O)C2O)OC2=CC(O)=C(C(=O)CCC3C=CC(O)=CC=3)C(O)=C2)C(O)C(O)C1O
38051-10-4,O=P(OCCCl)(OCCCl)OCC(COP(=O)(OCCCl)OCCCl)(CCl)CCl
13223-03-5,CC(=C)C(=O)OCC[N+](C)(C)CC
135-61-5,CC1C=CC=CC=1NC(=O)C1C=C2C=CC=CC2=CC=1O
1843-03-4,CC(CC(C1=CC(=C(O)C=C1C)C(C)(C)C)C1=CC(=C(O)C=C1C)C(C)(C)C)C1=CC(=C(O)C=C1C)C(C)(C)C
94361-26-9,CC(C1CC1)C1(CO1)C1C=CC(Cl)=CC=1
330-54-1,CN(C)C(=O)NC1=CC(Cl)=C(Cl)C=C1
1333490-26-8,CN1CCN(CCCOC2=CC(=CC=C2OC)N=CC(C#N)C(=O)NC2=CC(OC)=C(Cl)C=C2Cl)CC1
2044-64-6,CC(=O)CC(=O)N(C)C
73912-21-7,CC1=CC2CC3C=C(C)C=C(C4CCCCC4)C=3OP(O)OC=2C(=C1)C1CCCCC1
142-19-8,CCCCCCC(=O)OCC=C
139189-30-3,CC1C=CC=C(C)C=1OP(=O)(OC1C=C(C=CC=1)OP(=O)(OC1C(C)=CC=CC=1C)OC1C(C)=CC=CC=1C)OC1C(C)=CC=CC=1C
87135-01-1,CO[Si](CCCCCC[Si](OC)(OC)OC)(OC)OC
19444-21-4,CC(C)(O)C(=O)OCC=C
178671-69-7,N#CCC(=O)OCC(COC(=O)CC#N)(COC(=O)CC#N)COC(=O)CC#N
56-84-8,NC(CC(O)=O)C(O)=O
77-86-1,NC(CO)(CO)CO
83261-15-8,CC(C)COC(=O)C(C)Cl
92-15-9,CC(=O)CC(=O)NC1C=CC=CC=1OC
7785-70-8,CC1=CCC2CC1C2(C)C
97-86-9,CC(=C)C(=O)OCC(C)C
28068-91-9,CC(C)C(C)(C)C1CCC(=O)C(C)C1
140-26-1,CC(C)CC(=O)OCCC1C=CC=CC=1
187674-70-0,CC1C=C(NC2N=C(N=C(N=2)SCCCS(O)(=O)=O)SCCCS(O)(=O)=O)C(=CC=1N=NC1C=C(C2C=CC=C(C=2C=1)S(O)(=O)=O)S(O)(=O)=O)OC
84029-45-8,CC1C=CC(=CC=1[N+]([O-])=O)C(=O)NC1C=CC(=CC=1)S(O)(=O)=O
20407-84-5,CCCCCCCCCC=CC=O
203929-12-8,C=CC(F)(F)C(F)(F)C(F)(F)C(F)(F)I
114798-26-4,CCCCC1=NC(Cl)=C(CO)N1CC1C=CC(=CC=1)C1=CC=CC=C1C1NN=NN=1
213265-81-7,FC1C(CC2=CC=CC=C2Cl)=NC=NC=1Cl
7756-94-7,CC(C)(C)CC(C)(C)C=C(C)C
21282-97-3,CC(=O)CC(=O)OCCOC(=O)C(C)=C
14384-34-0,OC1CC2C3=CC=CC=C3NC=2CC1
119302-20-4,CC12CC(C(O)CC1CCC1C2CCC2(C)C1CC(C2O)N1CCCC1)N1CCOCC1
1917-44-8,O=C1N=C(NC(=N1)C1C=CC=CC=1)C1C=CC=CC=1
15308-01-7,O=C(CCl)N(C1C(Cl)=CC=CC=1Cl)C1C=CC=CC=1
1962-75-0,CCCCOC(=O)C1C=CC(=CC=1)C(=O)OCCCC
144-15-0,CC(=O)OC(CC(=O)OCC(CCCC)CC)(CC(=O)OCC(CCCC)CC)C(=O)OCC(CCCC)CC
141-97-9,CC(=O)CC(=O)OCC
19234-20-9,CC(C)OCCOC(C)=O
67846-68-8,C[N+](C)(CCOC(=O)CCCCCCCCCCCCCCCCC)CCOC(=O)CCCCCCCCCCCCCCCCC
246871-16-9,N#CCCN(CCC#N)C1C=CC(=CC=1)N=NC1=C(Br)C=C(C=C1C(F)(F)F)[N+]([O-])=O
361366-16-7,CCOC(=O)C1(CCCCC1)OC(=O)CC1C=CC(Cl)=CC=1Cl
106006-84-2,CCC(=O)NC1CC2SC(N)=NC=2CC1
78-16-0,CCC(COC(=O)CCCCCC)(COC(=O)CCCCCC)COC(=O)CCCCCC
70833-40-8,CCC(C)(C)OOC(=O)OCC(CCCC)CC
100-06-1,CC(=O)C1=CC=C(C=C1)OC
111-25-1,CCCCCCBr
82493-14-9,CCOC1=CC=CC=C1NC(=O)C(=O)NC1=CC=C(CCCCCCCCCC(C)C)C=C1
85-98-3,CCN(C(=O)N(CC)C1C=CC=CC=1)C1C=CC=CC=1
39072-70-3,O=C(NCC1C=CC=CC=1)NCCCCCCNC(=O)NCC1C=CC=CC=1
91-56-5,O=C1C2C=CC=CC=2NC1=O
5039-78-1,CC(=C)C(=O)OCC[N+](C)(C)C
5102-83-0,CC(=O)C(N=NC1=CC=C(C=C1Cl)C1=CC(Cl)=C(C=C1)N=NC(C(=O)NC1C=CC(C)=CC=1C)C(C)=O)C(=O)NC1C=CC(C)=CC=1C
247569-56-8,CS(=O)(=O)C1=CC(C(O)=O)=C(F)C=C1
629-03-8,BrCCCCCCBr
1254940-85-6,CC(C)CC1CCC(CCC=O)CC1
924-88-9,CC(C)OC(=O)CCC(=O)OC(C)C
79026-02-1,N#CC1C=C(C=CC=1)C=CC1C=CC(C=CC2C=CC(=CC=2)C#N)=CC=1
6358-31-2,CC(=O)C(N=NC1=CC=C(C=C1OC)[N+]([O-])=O)C(=O)NC1=CC=CC=C1OC
657-27-2,NCCCCC(N)C(O)=O
160844-75-7,CC1N=C(SC=1C(=O)OCC)C1C=C(C#N)C(=CC=1)OCC(C)C
7381-13-7,O=C(C1C=C(C=CC=1)C(=O)N1CCCCCC1=O)N1CCCCCC1=O
73936-91-1,CC(C)(C)CC(C)(C)C1C=C(C(O)=C(C=1)N1N=C2C=CC=CC2=N1)C(C)(C)C1C=CC=CC=1
111-91-1,ClCCOCOCCCl
503614-91-3,COC1C=CC(=CC=1)N1N=C(C2CCN(C3C=CC(=CC=3)N3CCCCC3=O)C(=O)C1=2)C(=O)OCC
84803-57-6,CC1=CC(=CC(C)=C1CC#N)C(C)(C)C
134605-64-4,CC(C)(OC(=O)C1C=C(C=CC=1Cl)N1C(=O)C=C(N(C)C1=O)C(F)(F)F)C(=O)OCC=C
85-73-4,OC(=O)C1C=CC=CC=1C(=O)NC1C=CC(=CC=1)S(=O)(=O)NC1=NC=CS1
110-26-9,C=CC(=O)NCNC(=O)C=C
204254-84-2,CCOC(=O)C1CC(OS(C)(=C)=C)C2OC(C)(C)OC2C=1
1002-67-1,COCCOCCOCC
2386-87-0,O=C(OCC1CC2OC2CC1)C1CC2OC2CC1
66069-34-9,OC(=O)C1C(=CCO)OC2CC(=O)N21
119-17-5,CC1CC(=O)N(N=1)C1=CC(=CC=C1)S(O)(=O)=O
4435-53-4,COC(C)CCOC(C)=O
35176-06-8,OCCNCCO
54807-34-0,CC1(C)NC(=O)NC1=O
1093653-57-6,CCCCCCCOCC(C)CC=O
208711-58-4,CON=C1COC2C=CC=CC1=2
89-48-5,CC(C)C1CCC(C)CC1OC(C)=O
86960-46-5,CCCCCCCCCC(=O)OC1C=CC(=CC=1)C(O)=O
28043-10-9,CC1=CCCC(C)(C)C1C(=O)OC
1047-16-1,O=C1C2C=C3NC4C=CC=CC=4C(=O)C3=CC=2NC2C=CC=CC1=2
84268-33-7,COC(=O)CCC1C=C(C(O)=C(C=1)C(C)(C)C)N1N=C2C=CC=CC2=N1
134127-48-3,CC1(C)C2C3=CC=CC=C3C=CC=2[N+](C)=C1C=CC1CCCC(=CC=C2N(C)C3C=CC4=CC=CC=C4C=3C2(C)C)C=1Cl
16040-69-0,ClC1C=C2C3NC(=NC4=NC(=NC5NC(=NC6=NC(=N3)C3C=C(Cl)C=CC=36)C3C=C(Cl)C=CC=35)C3C=C(Cl)C=CC=34)C2=CC=1
115258-10-1,C[Si](C)(C)O[Si](CCCNC(=O)C=C)(O[Si](C)(C)C)O[Si](C)(C)C
2550-26-7,CC(=O)CCC1C=CC=CC=1
106-79-6,COC(=O)CCCCCCCCC(=O)OC
688-74-4,CCCCOB(OCCCC)OCCCC
10191-41-0,CC(C)CCCC(C)CCCC(C)CCCC1(C)CCC2=C(O1)C(C)=C(C)C(O)=C2C
682-01-9,CCCO[Si](OCCC)(OCCC)OCCC
4245-76-5,CNC(=N)N[N+]([O-])=O
89-41-8,COC1=CC=C(C=C1[N+]([O-])=O)C(O)=O
18172-67-3,CC1(C)C2CC1CCC2=C
88938-51-6,CC(=O)NC1C=C(C(=CC=1N=NC1C(Br)=CC(=CC=1[N+]([O-])=O)[N+]([O-])=O)OC)N(CC(=O)OC)CC(=O)OC
61847-48-1,COC(=O)C1C=CC(=CC=1N=NC1=C(O)C(=CC2C=CC=CC=21)C(=O)NC1=CC=CC=C1OC)C(=O)NC1=CC(Cl)=CC=C1Cl
213967-55-6,CN1CN(CC2C=CC=CC=2)CN(CC2=CN=C(Cl)S2)C1=N[N+]([O-])=O
623-84-7,CC(=O)OCC(C)OC(C)=O
119313-12-1,CN(C)C(CC1C=CC=CC=1)(CC)C(=O)C1C=CC(=CC=1)N1CCOCC1
120128-90-7,C[N+](C)(CC([O-])=O)CCCNC=O
161599-46-8,CC1OC(C(OC(C)=O)C1OC(C)=O)N1C=C(F)C(N)=NC1=O
27689-12-9,CC(C)(C1C=CC(=CC=1)OCCCOC(=O)C(C)=C)C1C=CC(=CC=1)OCCCOC(=O)C(C)=C
86168-95-8,CC(C)(C)CC(C)(C)NC1N=C2N=C(N=1)N(CCCCCCN(C1CC(C)(C)NC(C)(C)C1)C1N=C(NC(C)(C)CC(C)(C)C)N=C(N=1)N(CCCCCCN2C1CC(C)(C)NC(C)(C)C1)C1CC(C)(C)NC(C)(C)C1)C1CC(C)(C)NC(C)(C)C1
78521-39-8,CC1=CC=C(C=C1)S(=O)(=O)NCCCCCC(O)=O
124-28-7,CCCCCCCCCCCCCCCCCCN(C)C
77-62-3,CC1C=C(CC2C=C(C)C=C(C=2O)C2(C)CCCCC2)C(O)=C(C=1)C1(C)CCCCC1
77017-20-0,CC(=O)OCC(=O)C1(O)C(O)CC2C3CCC4=CC(=O)C=CC4(C)C3=CCC12C
7786-67-6,CC1CCC(C(O)C1)C(C)=C
15993-42-7,CC(=O)C(N=NC1=CC=C(C=C1OC)[N+]([O-])=O)C(=O)NC1=CC(Cl)=CC=C1OC
75-98-9,CC(C)(C)C(O)=O
71868-10-5,CSC1C=CC(=CC=1)C(=O)C(C)(C)N1CCOCC1
1047637-37-5,CC(CCl)OP(=O)(OC(C)CCl)OCC(COP(=O)(OC(C)CCl)OC(C)CCl)(CCl)CCl
31274-51-8,C1=CC(=CC=C1C1N=C(N=C(N=1)C1C=CC(=CC=1)C1C=CC=CC=1)C1C=CC(=CC=1)C1C=CC=CC=1)C1C=CC=CC=1
19370-86-6,OC(=O)CCCCCCCCC(O)=O
2343-89-7,COC(=O)C(=C)F
111687-36-6,OC(=O)N(CC(O)=O)CCCN(C(O)=O)C(O)=O
83929-47-9,COC(=O)C1C=CC(=CC=1[N+]([O-])=O)C(=O)NC1C=C(Cl)C=CC=1Cl
93839-21-5,NC(=O)C1C=CC(=CC=1)NC(=O)C1C=CC(=CC=1)[N+]([O-])=O
33125-90-5,CC12CCC3C(CC(Cl)C4=CC(=O)CCC43C)C1CCC2(OC(C)=O)C(C)=O
244021-01-0,CC(ON1C(C)(CC(=O)C(C)C1(C)CC)CC)C1C=CC=CC=1
88-44-8,CC1C=C(C(N)=CC=1)S(O)(=O)=O
84731-55-5,CC(C)CCCCCCCCCCCCCCC(O)=O
103121-85-3,C[N+]1(CCCC1)CC1CSC2C(N)C(=O)N2C=1C(O)=O
223398-24-1,CC(=O)C1C=C[N+](C)=CC=1
121-86-8,CC1=CC=C(C=C1Cl)[N+]([O-])=O
61792-09-4,OP(O)(=O)CN(CCN(CP(O)(O)=O)CP(O)(O)=O)CCN(CP(O)(O)=O)CP(O)(O)=O
252285-60-2,CCOC1C=CC(=CC=1)C1N=C(N=C(N=1)C1C=CC=CC=1O)C1C=CC=CC=1
104-66-5,C(COC1C=CC=CC=1)OC1C=CC=CC=1
13007-85-7,OCC(O)C(O)C(O)C(O)C(O)C(O)=O
135043-68-4,OC(=O)CCCCCNC1N=C(NCCCCCC(O)=O)N=C(NCCCCCC(O)=O)N=1
52636-67-6,C1COCCN1
216698-07-6,CC(=O)OC1=CC=C(C=C1C1C(=O)OC2C=CC(=CC=21)C(C)(C)CC(C)(C)C)C(C)(C)CC(C)(C)C
103015-84-5,NC1=CC(Cl)=C(C=C1Cl)OC(F)(F)C(F)C(F)(F)F
834-12-8,CCNC1N=C(NC(C)C)N=C(N=1)SC
652-67-5,OC1COC2C1OCC2O
18063-03-1,NC(=O)C1C(F)=CC=CC=1F
122-00-9,CC1C=CC(=CC=1)C(C)=O
474044-10-5,CCOC1=NN(C(=O)C1=CC1C=CC(=CC=1)N(CC)CC)C1C=CC=CC=1
63141-09-3,CC(=O)C1(Cl)CC1
877179-03-8,CC(=O)NC1=CC=C(F)C=C1C1C=C(Cl)C(Cl)=CC=1
116020-44-1,CCCC1CCC(CC1)C1CCC(CC1)C=C
97416-84-7,CC(C)(C1=CC(Br)=C(OCC(C)(Br)CBr)C(Br)=C1)C1=CC(Br)=C(OCC(C)(Br)CBr)C(Br)=C1
77-93-0,CCOC(=O)C(O)(CC(=O)OCC)CC(=O)OCC
6372-81-2,OC1C=CC2=CC=CC=C2C=1N=NC1C=CC=CC=1C(O)=O
1255203-42-9,CCCCCCCCCCCCCCCC(=O)OCCOC1C=C(C=CC=1)OCCOC(=O)CCCCCCCCCCCCCCC
134701-20-5,CCCCCCCCCCCCCCC(C)C1=CC(C)=CC(C)=C1O
6940-53-0,COC1=CC(=C(C=C1Cl)OC)[N+]([O-])=O
51-03-6,CCCC1=CC2OCOC=2C=C1COCCOCCOCCCC
67-52-7,O=C1NC(=O)CC(=O)N1
555-43-1,CCCCCCCCCCCCCCCCCC(=O)OC(COC(=O)CCCCCCCCCCCCCCCCC)COC(=O)CCCCCCCCCCCCCCCCC
23235-61-2,CCC(COCC(CO)(CO)CC)(CO)CO
474814-88-5,OC(=O)C1C=CC(Cl)=CC=1N=NC1C2C=CC(=CC=2C=CC1=O)S(O)(=O)=O
111304-31-5,CC(=O)C(=CC1C=CC=CC=1[N+]([O-])=O)C(=O)OC
119302-24-8,CC12CCC3C(CCC4CC(O)C(CC43C)N3CCOCC3)C1CC(C2OC(C)=O)N1CCCC1
73947-34-9,CCC(COC(=O)CCCCCCCCC)(COC(=O)CCCCCCC)COC(=O)CCCCCCC
70969-58-3,CC(C)COC(=O)C1CCCCC1C(=O)OCC(C)C
544-01-4,CC(C)CCOCCC(C)C
95-75-0,CC1=CC(Cl)=C(Cl)C=C1
155810-87-0,CC1C=C(C=C(C)C=1O)C1C(=O)OC2C(=CC(=CC=21)C(C)(C)C)C(C)(C)C
38720-66-0,O=C1C2=CC3NC4C=CC(Cl)=C(Cl)C=4C(=O)C=3C=C2NC2=CC=CC=C12
224049-04-1,N#CC1=CC=CC=C1N=C(O)C1SN=C(Cl)C=1Cl
72705-22-7,CC(=O)CC(=O)NC1C=C(C)C(=CC=1OC)S(O)(=O)=O
6410-41-9,COC1C=C(OC)C(Cl)=CC=1NC(=O)C1=CC2=CC=CC=C2C(N=NC2=CC(=CC=C2OC)S(=O)(=O)N(CC)CC)=C1O
79665-24-0,CC1C=C(NC(=O)C2=CC3C=CC=CC=3C(N=NC3=CC(Cl)=CC=C3C)=C2O)C(C)=CC=1NC(=O)C1=CC2C=CC=CC=2C(N=NC2=CC(Cl)=CC=C2C)=C1O
256473-05-9,CC(C)SC1N=CC=CC=1CCC(F)(F)F
106797-53-9,CC(C)(O)C(=O)C1C=CC(=CC=1)OCCO
520-26-3,CC1OC(OCC2OC(OC3=CC4OC(CC(=O)C=4C(O)=C3)C3=CC(O)=C(C=C3)OC)C(O)C(O)C2O)C(O)C(O)C1O
132900-75-5,CC1C=C(C=CC=1OC(=O)C1C=CC(=CC=1)OCCCCOC(=O)C=C)OC(=O)C1C=CC(=CC=1)OCCCCOC(=O)C=C
69399-57-1,COC1=CC2NC(=O)C(=O)NC=2C=C1[N+]([O-])=O
149021-58-9,CCCC(COC(=O)C=C)CCCCC
919-94-8,CC(C)(CC)OCC
123-86-4,CCCCOC(C)=O
137863-20-8,CC(C)C(C(=O)OCC1C=CC=CC=1)N(CC1C=CC(=CC=1)C1=CC=CC=C1C1=NNN=N1)C(=O)CCCC
72498-89-6,CC12CC3OC43C(CC(F)C3=CC(=O)C=CC43C)C1CCC2(OC(C)=O)C(=O)COC(C)=O
29514-94-1,O=S(=O)(F)C(F)(F)C(F)(F)OC(F)=C(F)F
26175-68-8,CN(C)S(=O)(=O)C1C=C(Cl)C(N)=CC=1Cl
107-95-9,NCCC(O)=O
90356-78-8,CC(O)(CSC1C=CC(F)=CC=1)C(=O)NC1C=C(C(=CC=1)C#N)C(F)(F)F
112-73-2,CCCCOCCOCCOCCCC
173194-95-1,OC1C=CC2C=C(C=CC=2C=1)B(O)O
105-85-1,CC(CCC=C(C)C)CCOC=O
143-15-7,CCCCCCCCCCCCBr
51145-61-0,O=C1CC2C3=CC=CC=C3NC=2CC1
877670-90-1,CC(=O)C(N=NC1C=CC=CC=1C(O)=O)C(=O)NC1=CC=CC=C1OC
61597-98-6,CC(C)C1CCC(C)CC1OC(=O)C(C)O
947701-81-7,C=CCCCCCCCCCOC(=O)C(C#N)=C(C1C=CC=CC=1)C1C=CC=CC=1
60046-50-6,CC1CC(O)CC(C)(C)C1=O
112-36-7,CCOCCOCCOCC
1503-48-6,O=C1C2C(=NC3C=CC=CC=3C2=O)C(=O)C2C1=NC1C=CC=CC=1C2=O
764-99-8,C=COCCOCCOC=C
214559-61-2,COC1C=C(C=CC=1NC1N=C(N=C(N=1)SCCCS(O)(=O)=O)SCCCS(O)(=O)=O)N=NC1=CC2C(=CC(=CC=2C=C1)S(O)(=O)=O)S(O)(=O)=O
1917-64-2,COCC1=CC=C(C=O)O1
846023-24-3,COC1C=C(NC(=O)CC#N)C(Cl)=CC=1Cl
2915-57-3,CCCCC(COC(=O)CCC(=O)OCC(CCCC)CC)CC
227197-72-0,ClC1=CC2OC=NC=2C=C1
109-65-9,CCCCBr
82530-64-1,O=C(CCCl)OCCCCCl
84632-66-6,CC1C=CC(=CC=1)C1=NC(=O)C2C1C(=O)NC=2C1C=CC(C)=CC=1
71077-34-4,CC1C=CC(=CC=1N)C(=O)NC1C=CC(=CC=1)S(O)(=O)=O
6731-36-8,CC1(C)CC(C)CC(C1)(OOC(C)(C)C)OOC(C)(C)C
114772-53-1,CC1C=CC(=CC=1)C1=CC=CC=C1C#N
1035204-82-0,CC(C)(C)OC(=O)CC1CC(CC#N)OC2(CCCC2)O1
69904-10-5,COC1=CC2NC(=O)C(=O)NC=2C=C1N
924-44-7,CCOC(=O)C=O
319-24-4,COC(=O)C1C=C(F)C=CC=1N
103-36-6,CCOC(=O)C=CC1C=CC=CC=1
21981-33-9,CC(Cl)(Cl)CC(Cl)(Cl)Cl
924-50-5,CC(C)=CC(=O)OC
120-47-8,CCOC(=O)C1C=CC(O)=CC=1
38680-83-0,CC(=O)OCC(=O)C1(O)CCC2C3CCC4=CC(=O)C=CC4(C)C43OC4CC12C
1391764-61-6,CCCCN(CCCC)C(=O)C1C=CC(=CC=1)C1=NC(=O)C2C1C(=O)NC=2C1C=CC(Cl)=CC=1
110057-45-9,N#CCN(CC#N)CCCN(CC#N)CC#N
31775-20-9,CC(=O)C(N=NC1=CC=C(C=C1Cl)C1C=C(Cl)C(=CC=1)N=NC(C(=O)NC1C=CC(=CC=1)OCC)C(C)=O)C(=O)NC1C=CC(=CC=1)OCC
153719-38-1,CN1COCN=C1N[N+]([O-])=O
94441-92-6,CCCCC(CN(CCC(O)=O)CCC(O)=O)CC
1305113-15-8,O=P(OC1C=CC=CC=1)(OC1C=CC=CC=1)OC1COC2C1OCC2OP(=O)(OC1C=CC=CC=1)OC1C=CC=CC=1
609-66-5,NC(=O)C1=CC=CC=C1Cl
49707-23-5,COC(CNC(=O)C=C)OC
58190-57-1,CC[Si](ON=C(C)C)(ON=C(C)C)ON=C(C)C
103-48-0,CC(C)C(=O)OCCC1C=CC=CC=1
621-62-5,CCOC(CCl)OCC
1072957-71-1,CN1C=C(C(=O)NC2C=CC=C3C4CCC(C4=C(Cl)Cl)C3=2)C(=N1)C(F)F
4433-79-8,CC(=O)CC(=O)NC1C=C(OC)C(Cl)=CC=1OC
101-97-3,CCOC(=O)CC1C=CC=CC=1
27676-62-6,CC(C)(C)C1=CC(CN2C(=O)N(CC3=CC(=C(O)C(=C3)C(C)(C)C)C(C)(C)C)C(=O)N(CC3=CC(=C(O)C(=C3)C(C)(C)C)C(C)(C)C)C2=O)=CC(=C1O)C(C)(C)C
1941-30-6,CCC[N+](CCC)(CCC)CCC
2212-81-9,CC(C)(OOC(C)(C)C)C1C=C(C=CC=1)C(C)(C)OOC(C)(C)C
89-98-5,O=CC1C=CC=CC=1Cl
219715-34-1,COC1=CC(=CC=N1)C(F)(F)F
130201-55-7,CC(=O)NC1=CC(=CC=C1N=NC1C=C(C=CC=1)S(O)(=O)=O)NC1N=C(NC2=CC(NC(C)=O)=C(C=C2)N=NC2C=C(C=CC=2)S(O)(=O)=O)N=C(N=1)N1CCOCC1
104797-47-9,CC(=O)ON=C(C1=CSC(N)=N1)C(=O)SC1=NC2C=CC=CC=2S1
111-90-0,CCOCCOCCO
242482-67-3,CC(CC(=O)NCCCCCC(O)=O)CC(C)(C)C
44992-01-0,C[N+](C)(C)CCOC(=O)C=C
1514-82-5,C=C(Br)C(F)(F)F
6410-38-4,COC1C=CC=CC=1NC(=O)C1C=C2C=CC=CC2=C(N=NC2C=C(Cl)C=CC=2Cl)C=1O
112-91-4,CCCCCCCCC=CCCCCCCCC#N
2517-43-3,COC(C)CCO
73963-42-5,ClCCCCC1=NN=NN1C1CCCCC1
41506-62-1,CC(=O)NC1C=CC(=CC=1)NC(=O)C1C=C2C=CC=CC2=CC=1O
4904-61-4,C1CC=CCCC=CCCC=C1
222408-90-4,OC(CC1C=CC=CC=1Cl)(CN1NCNC1=S)C1(Cl)CC1
105-95-3,O=C1CCCCCCCCCCCC(=O)OCCO1
144447-11-0,COC1C=CC(=CC=1)OC(=O)C1C=CC(=CC=1)OCCCCC1CO1
13482-22-9,OC1CCC(=O)CC1
108-90-7,ClC1C=CC=CC=1
627-93-0,COC(=O)CCCCC(=O)OC
18395-30-7,CC(C)C[Si](OC)(OC)OC
68227-78-1,CC1C=CC(Cl)=CC=1NC(=O)C1C=C2C=CC=CC2=C(N=NC2C=C(C=CC=2OC)C(=O)NC2C=CC=CC=2)C=1O
81-19-6,ClC1C=CC=C(Cl)C=1C(Cl)Cl
917-92-0,CC(C)(C)C#C
287930-77-2,CC(C)(O)C1=CC=CC=C1CCC(O)C1C=C(C=CC=1)C=CC1C=CC2C=CC(Cl)=CC=2N=1
77-83-8,CC1(OC1C(=O)OCC)C1C=CC=CC=1
2402-58-6,CCCCCCCCCCCCOC(=O)C=CC(=O)OCCCCCCCCCCCC
457-68-1,FC1C=CC(CC2C=CC(F)=CC=2)=CC=1
147263-99-8,CC1C=CC=C(C)C=1OP(=O)(OC1C=CC(=CC=1)C1C=CC(=CC=1)OP(=O)(OC1C(C)=CC=CC=1C)OC1C(C)=CC=CC=1C)OC1C(C)=CC=CC=1C
2855-19-8,CCCCCCCCCCC1CO1
1912-24-9,CCNC1N=C(Cl)N=C(NC(C)C)N=1
66492-51-1,CCC1(COC(=O)C=C)COCOC1
68489-09-8,CC(C)C1CCC(C)CC1C(=O)NC1C=CC(=CC=1)OC
611-70-1,CC(C)C(=O)C1C=CC=CC=1
154702-15-5,CC(C)(C)NC(=O)C1C=CC(=CC=1)NC1N=C(NC2C=CC(=CC=2)C(=O)OCC(CCCC)CC)N=C(NC2C=CC(=CC=2)C(=O)OCC(CCCC)CC)N=1
93839-20-4,COC1C=CC(=CC=1[N+]([O-])=O)C(=O)NC1C=CC(=CC=1)C(N)=O
56358-09-9,CCCCC(CNC1C=CC2C=CC=CC=2C=1N=NC1C=CC(=CC=1C)N=NC1C=CC=CC=1C)CC
1067-53-4,COCCO[Si](C=C)(OCCOC)OCCOC
10016-20-3,OC1C2OC3OC(CO)C(OC4OC(CO)C(OC5OC(CO)C(OC6OC(CO)C(OC7OC(CO)C(OC(OC2CO)C1O)C(O)C7O)C(O)C6O)C(O)C5O)C(O)C4O)C(O)C3O
6337-43-5,CCOC(=O)C(=CC1C=CC(C=C(C(=O)OCC)C(=O)OCC)=CC=1)C(=O)OCC
1282554-35-1,CC1=CC(=CC2NC(CCC)=NC1=2)C1=NC2C=CC=CC=2N1C
302776-68-7,CCCCCCOC(=O)C1=CC=CC=C1C(=O)C1C=CC(=CC=1O)N(CC)CC
17514-68-0,CC1=CSC2C(Cl)=CC=CC=21
97-97-2,COC(CCl)OC
110553-27-0,CC1=CC(CSCCCCCCCC)=CC(CSCCCCCCCC)=C1O
68133-60-8,OC(=O)C1C=CC=[N+](CC2C=CC=CC=2)C=1
6289-46-9,COC(=O)C1CC(=O)C(CC1=O)C(=O)OC
102-01-2,CC(=O)CC(=O)NC1C=CC=CC=1
850-92-0,CCC1(CC=C2CCCC3=CC(=CC=C32)OC)C(=O)CCC1=O
13616-82-5,CC1=CC(C)=C(S)C=C1
126637-70-5,NC1C=C(C=C2C=C(C(N=NC3C=CC(=CC=3O)C3=CC(O)=C(C=C3)N=NC3C(=CC4C=C(C=C(N)C=4C=3O)S(O)(=O)=O)S(O)(=O)=O)=C(O)C=12)S(O)(=O)=O)S(O)(=O)=O
1805-22-7,FC(F)(F)C1(F)C(F)(F)C(F)(F)C(F)(F)C1(F)F
811-97-2,FCC(F)(F)F
3681-71-8,CCC=CCCOC(C)=O
16397-70-9,CCCCC(COC(=O)C1=CC=C(C=C1)[N+]([O-])=O)CC
976-70-5,CC12CCC3C(CCC4=CC(=O)CCC43C)C1CCC12CCC(=O)O1
1675-54-3,CC(C)(C1C=CC(=CC=1)OCC1CO1)C1C=CC(=CC=1)OCC1CO1
765-14-0,CCCCCCCCCCCCOC=C
127-63-9,O=S(=O)(C1C=CC=CC=1)C1C=CC=CC=1
90-04-0,COC1=CC=CC=C1N
691-37-2,CC(C)CC=C
33145-10-7,CC(C)C(C1=CC(C)=CC(C)=C1O)C1=CC(C)=CC(C)=C1O
52663-87-3,CCCCCCCCN(CCC(O)=O)CCC(O)=O
846-48-0,CC12CCC3C(CCC4=CC(=O)C=CC43C)C1CCC2O
24292-60-2,NC(=O)C1C=[N+](C=CC=1)C1OC(COP(O)(=O)OP(O)(=O)OCC2OC(C(OP(O)(O)=O)C2O)N2C=NC3C2=NC=NC=3N)C(O)C1O
1164-92-7,CC(=O)OC1CCC2C3CCC4CC(=O)CCC4(C)C3CCC12C
536759-91-8,COC1C=CC(=CC=1)N1N=C(C2CCN(C3C=CC(=CC=3)[N+]([O-])=O)C(=O)C1=2)C(=O)OCC
103-09-3,CCCCC(COC(C)=O)CC
2602-34-8,CCO[Si](CCCOCC1CO1)(OCC)OCC
143-29-3,CCCCOCCOCCOCOCCOCCOCCCC
1062263-18-6,CC1C(C(=O)N(CCCN(C)C)C(=O)C=1N=NC1=CC(OC)=C(C=C1)C(C1=CC=C(C=C1OC)N=NC1C(=O)N(CCCN(C)C)C(=O)C(C=1C)[N+]1C=CC=CC=1)C1C=CC=CC=1)[N+]1C=CC=CC=1
57712-94-4,CCCCCCCCCCCCCNC1C=CC2=CC=CC=C2C=1N=NC1C=CC(=CC=1C)N=NC1C=CC=CC=1C
72-19-5,CC(O)C(N)C(O)=O
2498-95-5,CC1C=CC2N=C(SC=2C=1S(O)(=O)=O)C1C=CC(=CC=1)NC(=O)C(=CC1C=CC(=CC=1)N(C)CCS(O)(=O)=O)C#N
109-70-6,ClCCCBr
111-01-3,CC(C)CCCC(C)CCCC(C)CCCCC(C)CCCC(C)CCCC(C)C
53585-53-8,CC1C=CC=C(CC2C=CC=CC=2)C=1CC1C=CC=CC=1
76114-73-3,CCCCNC(=O)OCC#C
6842-62-2,ClC1C=C(C=CC=1)OC1C=CC(Cl)=CC=1
66063-15-8,ClC1=CC=C(CNC2CCCC2)C=C1
75147-23-8,CC12CCCC(C)(CC1)C2=NO
68259-05-2,CC1=CC(NC(=O)C2=CC3C=CC=CC=3C(N=NC3C=C(C=CC=3C)C(=O)OCCCl)=C2O)=C(C)C=C1NC(=O)C1=CC2C=CC=CC=2C(N=NC2C=C(C=CC=2C)C(=O)OCCCl)=C1O
98349-25-8,CCOC(=O)C1=CN(C2CC2)C2=CC(F)=C(F)C=C2C1=O
2404-44-6,CCCCCCCCC1CO1
1184842-87-2,CC1C(=O)C(C)(C)CC(O)C=1O
56992-87-1,CC(=C)C(=O)NC1C=CC(=CC=1)S(N)(=O)=O
51368-55-9,CC(C)OC(=O)C(C)(C)Br
960316-73-8,COC(=O)C1=CC(CO)=NN1C1=NC=CC=C1Cl
335-27-3,FC1(F)C(F)(C(F)(F)C(F)(F)C(F)(F)C1(F)C(F)(F)F)C(F)(F)F
135452-43-6,CC(C)(O)C(=O)C1C=C2C(=CC=1)C(C)(CC2(C)C)C1C=CC(=CC=1)C(=O)C(C)(C)O
1700656-13-8,CC(CC(=O)NCC(CCCC)CC)CC(C)(C)C
96624-41-8,CCC1CCC(CC1)C1CCC(CCC)CC1
1869-24-5,NS(=O)(=O)C1=CC=CC=C1C(F)(F)F
133986-51-3,ON(CCS(O)(=O)=O)CCS(O)(=O)=O
600-00-0,CCOC(=O)C(C)(C)Br
58-08-2,CN1C(=O)C2=C(N=CN2C)N(C)C1=O
141-10-6,CC(C)=CCCC(C)=CC=CC(C)=O
2177-70-0,CC(=C)C(=O)OC1C=CC=CC=1
108-22-5,CC(=O)OC(C)=C
36062-04-1,COC1C=C(CCC(=O)CC(=O)CCC2C=C(OC)C(O)=CC=2)C=CC=1O
515815-48-2,CN1C(=NC2C=CC=CC1=2)C1C=C(C)C2N=C(CCC)N(CC3=CC=C(C=C3)C3=CC=CC=C3C(O)=O)C=2C=1
1134960-41-0,COC(=O)C1C(=O)OCC=1O
4039-86-5,C#CCOCC1C=CC(Cl)=CC=1
540-88-5,CC(=O)OC(C)(C)C
74-79-3,NC(=N)NCCCC(N)C(O)=O
1928-56-9,COC(=O)COC1C=CC=C(Cl)C=1Cl
7452-79-1,CC(CC)C(=O)OCC
1562-00-1,OCCS(O)(=O)=O
760-23-6,C=CC(Cl)CCl
1609672-24-3,O=C(CC1C=CC(=CC=1)C1C=CC=CC=1)OCC1CCCCC1
1680-31-5,CCCCCCCCOC(=O)OCCCCCCCC
18143-33-4,CO[Si](C)(C)CCl
5107-67-5,OC(=O)CCC1(CCCC(CCC(O)=O)(CCC(O)=O)C1=O)CCC(O)=O
82199-12-0,CC(=O)C(N=NC1=CC=CC=C1OC)C(=O)NC1=CC2NC(=O)NC=2C=C1
860399-11-7,COC1C=C(C=CC=1C=C1OC(=NC2CCCCC2)N(C2CCCCC2)C1=O)N(CC)CC
816-19-3,CCCCC(CC)C(=O)OC
169280-10-8,CCOC(=O)C(C)(C)C1C=CC(=CC=1)C(=O)C1CC1
5471-51-2,CC(=O)CCC1C=CC(O)=CC=1
116044-44-1,CC(C)C1C2CC(C=C2)C1C(=O)OCC
100-40-3,C=CC1CC=CCC1
39255-32-8,CCOC(=O)C(C)CCC
109-16-0,CC(=C)C(=O)OCCOCCOCCOC(=O)C(C)=C
943586-12-7,OC(=O)CCCCCCCCCCCCCCC(=O)NC(CCC(=O)ON1C(=O)CCC1=O)C(O)=O
94201-73-7,CC1CC(OCC1)C1C=CC=CC=1
12777-87-6,C
6358-64-1,COC1=CC(N)=C(C=C1Cl)OC
6390-69-8,CC(C)(C)C1C=C(C=C(C2=CC(=CC(=C2O)C(C)(C)C)C(C)(C)C)C=1O)C(C)(C)C
1555-62-0,CCCCCCCCCCCCN(CCC#N)CCC#N
1122460-01-8,CC(C)C1CCC(C)CC1OC(=O)C(=O)NCC
10291-28-8,CC1C=CC(=CC=1)NC1=CC(=C(C=C1C(O)=O)NC1C=CC(C)=CC=1)C(O)=O
3335-98-6,O=C1CC2=CC=CC=C2N1C1C=CC=CC=1
62965-37-1,CC(C)(C)C(NC(=O)OCC1C=CC=CC=1)C(O)=O
515-84-4,CCOC(=O)C(Cl)(Cl)Cl
95-23-8,NC1C=C2NC(=O)NC2=CC=1
15793-73-4,CC1=NN(C2C=CC(C)=CC=2)C(=O)C1N=NC1=CC=C(C=C1Cl)C1=CC(Cl)=C(C=C1)N=NC1C(=O)N(N=C1C)C1C=CC(C)=CC=1
135-57-9,O=C(NC1C=CC=CC=1SSC1=CC=CC=C1NC(=O)C1C=CC=CC=1)C1C=CC=CC=1
76524-94-2,CCO[Si](CCCNC=O)(OCC)OCC
105-56-6,CCOC(=O)CC#N
92339-11-2,CC(=O)N(CC(O)CN(C1=C(I)C(=C(I)C(=C1I)C(=O)NCC(O)CO)C(=O)NCC(O)CO)C(C)=O)C1=C(I)C(=C(I)C(=C1I)C(=O)NCC(O)CO)C(=O)NCC(O)CO
49667-22-3,CC1C=CC(C(N)=O)=C(O)C=1
50-24-8,CC12C=CC(=O)C=C1CCC1C2C(O)CC2(C)C1CCC2(O)C(=O)CO
65870-94-2,CCC(COC(=O)CC(C)CC(C)(C)C)(COC(=O)CC(C)CC(C)(C)C)COC(=O)CC(C)CC(C)(C)C
110-53-2,CCCCCBr
111-05-7,CCCCCCCCC=CCCCCCCCC(=O)NCC(C)O
26619-69-2,CC1(C)CCC2OC32C21CC(CC2)C3(C)C
202483-62-3,CCCCCCC(COC1=CC=CC=C1C(N)=O)CCCCCCCC
84057-80-7,CCC(O)=O
130755-46-3,NC1=C(SSC2C(C#N)=NN(C3C(Cl)=CC(=CC=3Cl)C(F)(F)F)C=2N)C(C#N)=NN1C1C(Cl)=CC(=CC=1Cl)C(F)(F)F
67990-05-0,COC1C=CC(=CC=1N=NC1C(O)=C(C=C2C=CC=CC2=1)C(=O)NC1C=C(Cl)C=CC=1OC)C(=O)NC1C=CC=CC=1
85391-60-2,CC(O)COC(=O)NNC(=O)OC(C)CO
85-60-9,CCCC(C1=CC(=C(O)C=C1C)C(C)(C)C)C1=CC(=C(O)C=C1C)C(C)(C)C
6642-31-5,CN1C(=O)CC(=N)N(C)C1=O
89-33-8,CCOC(=O)C1CC(=O)N(N=1)C1C=CC=CC=1
6358-87-8,CCOC(=O)C1=NN(C2C=CC=CC=2)C(=O)C1N=NC1C=CC(=CC=1Cl)C1C=C(Cl)C(=CC=1)N=NC1C(=NN(C2C=CC=CC=2)C1=O)C(=O)OCC
41438-38-4,CCOC(=O)C1C=C(C=CN=1)C(=O)OCC
5888-87-9,O=C1CCCCCN1C(=O)NCCCCCCNC(=O)N1CCCCCC1=O
52664-35-4,NC1C=CC(=CC=1)OP(=S)(OC1C=CC(N)=CC=1)OC1C=CC(N)=CC=1
669005-94-1,CC1C=CC(=CC=1)NC1=NC(NC2C=CC(C)=CC=2)=C(C#N)C(C)=C1N=NC1=CC=CC=C1C(F)(F)F
708-06-5,OC1=CC=C2C=CC=CC2=C1C=O
1339119-15-1,O=CCC1CC2CC1C1CCCC21
55589-62-3,CC1=CC(=O)NS(=O)(=O)O1
55934-93-5,CC(COC(O)CC)OC(CC)OCCCC
1360085-10-4,CCOC(=O)NC1=CC2C=C(C=C(O)C=2C=C1)S(O)(=O)=O
103-54-8,CC(=O)OCC=CC1C=CC=CC=1
161798-03-4,CC1N=C(SC=1C(=O)OCC)C1=CC(C=O)=C(C=C1)OCC(C)C
2215-35-2,CC(C)CC(C)OP(S)(=S)OC(C)CC(C)C
25092-32-4,CC1(C)OC2CC3C4CCC5=CC(=O)C=CC5(C)C54OC5CC3(C)C2(O1)C(=O)COC(C)=O
2437-56-1,CCCCCCCCCCCC=C
52449-76-0,COC(=O)C1=CC=C(C=C1[N+]([O-])=O)C#N
91-64-5,O=C1C=CC2C=CC=CC=2O1
27794-93-0,OP(O)(=O)CN(CP(O)(O)=O)CP(O)(O)=O
116-75-6,CC1=CC(C)=C(NC2=CC=C(NC3C(C)=CC(C)=CC=3C)C3=C2C(=O)C2=CC=CC=C2C3=O)C(C)=C1
84852-53-9,BrC1C(CCC2=C(Br)C(Br)=C(Br)C(Br)=C2Br)=C(Br)C(Br)=C(Br)C=1Br
85813-73-6,O=C=NS(=O)(=O)C1=CC=CC=C1C(F)(F)F
30989-05-0,COCCOCCOCCOB(OCCOCCOCCOC)OCCOCCOCCOC
103-61-7,CCCC(=O)OCC=CC1C=CC=CC=1
121-47-1,NC1=CC(=CC=C1)S(O)(=O)=O
606-28-0,COC(=O)C1C=CC=CC=1C(=O)C1C=CC=CC=1
2500-88-1,CCCCCCCCCCCCCCCCCCSSCCCCCCCCCCCCCCCCCC
57-10-3,CCCCCCCCCCCCCCCC(O)=O
4051-63-2,NC1=CC=C(C2=C1C(=O)C1=CC=CC=C1C2=O)C1=CC=C(N)C2=C1C(=O)C1=CC=CC=C1C2=O
3965-55-7,COC(=O)C1=CC(=CC(=C1)C(=O)OC)S(O)(=O)=O
4137-56-8,CC1C=CC(=CC=1)S(=O)(=O)OCC1OC(OC)C2OC(C)(C)OC21
630113-05-2,C[N+](C)(C)CC(O)C[N+](C)(C)CCCNC(=O)C[N+](C)(C)CCCNC(=O)C(C)=C
292605-05-1,CCC=CCCOCC(C)=C
125971-95-1,CC(C)(C)OC(=O)CC1CC(CCN2C(C(C)C)=C(C(=C2C2=CC=C(F)C=C2)C2C=CC=CC=2)C(=O)NC2C=CC=CC=2)OC(C)(C)O1
99-96-7,OC1C=CC(=CC=1)C(O)=O
14035-94-0,COC(=O)C(C)CCC(=O)OC
4098-71-9,CC1(C)CC(CC(C)(C1)CN=C=O)N=C=O
78-10-4,CCO[Si](OCC)(OCC)OCC
102-09-0,O=C(OC1C=CC=CC=1)OC1C=CC=CC=1
99-99-0,CC1=CC=C(C=C1)[N+]([O-])=O
526-95-4,OCC(O)C(O)C(O)C(O)C(O)=O
7659-86-1,CCCCC(COC(=O)CS)CC
106-49-0,CC1=CC=C(N)C=C1
947-04-6,O=C1CCCCCCCCCCCN1
115-86-6,O=P(OC1C=CC=CC=1)(OC1C=CC=CC=1)OC1C=CC=CC=1
513-35-9,CC=C(C)C
57-55-6,CC(O)CO
532-32-1,OC(=O)C1C=CC=CC=1
201214-53-1,CC(=O)NC1=CC(OC)=C(C=C1I)C(=O)OC
894-86-0,OC1=C(NC2C=CC=CC1=2)C1NC2C=CC=CC=2C=1O
16958-92-2,CCCCCCCCCCCCCOC(=O)CCCCC(=O)OCCCCCCCCCCCCC
121-82-4,[O-][N+](=O)N1CN(CN(C1)[N+]([O-])=O)[N+]([O-])=O
16294-75-0,O=C1C2=CC=CC=C2C2=CC=C3SC4=CC=CC=C4C4=CC=C1C2=C43
52238-92-3,OC1=C(N=NC2=CC(=CC=C2Cl)C(F)(F)F)C2C=CC=CC=2C=C1C(=O)NC1=CC(Cl)=C(C=C1Cl)NC(=O)C1=CC2C=CC=CC=2C(N=NC2=CC(=CC=C2Cl)C(F)(F)F)=C1O
56677-60-2,CCCCCCCCCCCCCCOC(=O)Cl
53817-09-7,CCCCC(CNS(=O)(=O)C1C=CC(N)=CC=1)CC
719-80-2,CCOP(C1C=CC=CC=1)C1C=CC=CC=1
5307-14-2,NC1=CC(=C(N)C=C1)[N+]([O-])=O
27425-55-4,CCN(CC)C1C=C2OC(=O)C(=CC2=CC=1)C1NC2=CC=CC=C2N=1
55290-62-5,CC1C(N=NC2=CC=C(C=C2)S(=O)(=O)NCC(CCCC)CC)C(=O)N(CCCC)C(=O)C=1C#N
932-64-9,[O-][N+](=O)C1NC(=O)N=N1
5468-75-7,CC(=O)C(N=NC1C=CC(=CC=1Cl)C1=CC(Cl)=C(C=C1)N=NC(C(=O)NC1C=CC=CC=1C)C(C)=O)C(=O)NC1C=CC=CC=1C
3266-23-7,CC1OC1C
52250-47-2,CCC(CCCO)(C(O)=O)C(O)=O
2033-24-1,CC1(C)OC(=O)CC(=O)O1
24887-06-7,OCS(O)=O
3164-34-9,OC(=O)C(O)C(O)C(O)=O
127-95-7,OC(=O)C(O)=O
763-69-9,CCOC(=O)CCOCC
76-22-2,CC1(C)C2CC(=O)C1(C)CC2
110-71-4,COCCOC
2455-24-5,CC(=C)C(=O)OCC1CCCO1
4861-19-2,NC(N)=O
2835-99-6,CC1=CC(O)=CC=C1N
24280-93-1,COC1C(CC=C(C)CCC(O)=O)=C(O)C2=C(COC2=O)C=1C
2432-99-7,NCCCCCCCCCCC(O)=O
96-31-1,CNC(=O)NC
2624-17-1,O=C1NC(=O)NC(=O)N1
117829-74-0,CN(C)CCCO
112-07-2,CCCCOCCOC(C)=O
793-24-8,CC(C)CC(C)NC1C=CC(=CC=1)NC1C=CC=CC=1
31221-06-4,N#[N+]C1C([O-])=NC(=O)NC1=O
86-29-3,N#CC(C1C=CC=CC=1)C1C=CC=CC=1
17772-51-9,OC1=CC2C=CC=CC=2N=C1C1C(=O)C2C=CC=CC=2C1=O
130-17-6,CC1C=CC2N=C(SC=2C=1S(O)(=O)=O)C1C=CC(N)=CC=1
6381-77-7,OCC(O)C1OC(=O)C(=O)C1O
35044-59-8,CC1C=CCC(C)(C)C=1C(=O)OCC
84-69-5,CC(C)COC(=O)C1C=CC=CC=1C(=O)OCC(C)C
930-02-9,CCCCCCCCCCCCCCCCCCOC=C
107-05-1,C=CCCl
65443-14-3,CC1(C)CCC(C)(CCCCC)C1=O
36443-68-2,CC1C=C(CCC(=O)OCCOCCOCCOC(=O)CCC2C=C(C)C(O)=C(C=2)C(C)(C)C)C=C(C=1O)C(C)(C)C
4548-53-2,CC1C=C(C)C(=CC=1S(O)(=O)=O)N=NC1C=C(C2C=CC=CC=2C=1O)S(O)(=O)=O
15520-11-3,CC(C)(C)C1CCC(CC1)OC(=O)OOC(=O)OC1CCC(CC1)C(C)(C)C
4057-31-2,CC1(C)C(OC(C)=O)C2(C)CC1CC2
22818-40-2,NC(C1=CC=C(O)C=C1)C(O)=O
79817-52-0,CC1=CC(=C(C=C1)OCCCS(O)(=O)=O)[N+]([O-])=O
3234-85-3,CCCCCCCCCCCCCC(=O)OCCCCCCCCCCCCCC
149-30-4,SC1=NC2C=CC=CC=2S1
84-66-2,CCOC(=O)C1=CC=CC=C1C(=O)OCC
71077-31-1,CC(CCC=C(C)CCC=O)C=C
6410-32-8,CC1C=CC=CC=1NC(=O)C1C=C2C=CC=CC2=C(N=NC2C=CC(=CC=2C)[N+]([O-])=O)C=1O
2043-57-4,FC(F)(F)C(F)(F)C(F)(F)C(F)(F)C(F)(F)C(F)(F)CCI
124729-02-8,CCOC1C=CC(C2CCC(CCCCC)CC2)=C(F)C=1F
917-61-3,N#CO
35074-77-2,CC(C)(C)C1=CC(CCC(=O)OCCCCCCOC(=O)CCC2=CC(=C(O)C(=C2)C(C)(C)C)C(C)(C)C)=CC(=C1O)C(C)(C)C
88-74-4,NC1=CC=CC=C1[N+]([O-])=O
72388-18-2,CCCCCCCCCCCCCCC(CO)CCCCCCCCCCCC
89-58-7,CC1=CC(=C(C)C=C1)[N+]([O-])=O
3327-22-8,C[N+](C)(C)CC(O)CCl
10254-57-6,CCCCN(CCCC)C(=S)SCSC(=S)N(CCCC)CCCC
26399-02-0,CCCCC(COC(=O)CCCCCCCC=CCCCCCCCC)CC
6386-38-5,CC(C)(C)C1C=C(CCC(=O)OC)C=C(C=1O)C(C)(C)C
2420-17-9,OC1C=CC(=CC=1)C1NC(=O)NC1=O
74441-05-7,CC(=O)C(N=NC1C=CC(=CC=1)C(=O)NC1C=CC(=CC=1)C(N)=O)C(=O)NC1=CC2NC(=O)NC=2C=C1
75330-75-5,CCC(C)C(=O)OC1CC(C)C=C2C=CC(C)C(CCC3CC(O)CC(=O)O3)C21
633-96-5,OC1C=CC2=CC=CC=C2C=1N=NC1C=CC(=CC=1)S(O)(=O)=O
901-44-0,CC(C)(C1C=CC(=CC=1)OCCO)C1C=CC(=CC=1)OCCO
3567-69-9,OC1C2C=CC=CC=2C(=CC=1N=NC1=CC=C(C2=CC=CC=C21)S(O)(=O)=O)S(O)(=O)=O
118-93-4,CC(=O)C1=CC=CC=C1O
563-80-4,CC(C)C(C)=O
2052-25-7,OC1C=CC=C2C=1C=CC(N=NC1=CC(=CC=C1O)S(O)(=O)=O)=C2O
83-42-1,CC1C(Cl)=CC=CC=1[N+]([O-])=O
354-58-5,FC(F)(F)C(Cl)(Cl)Cl
1119-86-4,CCCCCCCCC(O)CO
141-78-6,CCOC(C)=O
908145-87-9,CCOC(=O)CCC(NC(=O)C1C=CC(CCCC=O)=CC=1)C(=O)OCC
1354569-12-2,CC(=CC(=O)OCC(CCCC)CC)C(=O)OCC(CCCC)CC
22252-43-3,CC1CSC2C(N)C(=O)N2C=1C(O)=O
17636-10-1,OS(=O)(=O)CCCS
6065-82-3,CCOC(=O)C(OCC)OCC
33229-34-4,[O-][N+](=O)C1C=C(C=CC=1NCCO)N(CCO)CCO
7336-20-1,NC1=CC(=C(C=CC2=CC=C(N)C=C2S(O)(=O)=O)C=C1)S(O)(=O)=O
91-68-9,CCN(CC)C1C=C(O)C=CC=1
17661-50-6,CCCCCCCCCCCCCCCCCC(=O)OCCCCCCCCCCCCCC
6486-23-3,CC(=O)C(N=NC1=CC=C(Cl)C=C1[N+]([O-])=O)C(=O)NC1=CC=CC=C1Cl
110528-94-4,C[N+](C)(CC(O)C[N+](C)(C)CCO)CCO
111-77-3,COCCOCCO
123-92-2,CC(C)CCOC(C)=O
18127-01-0,CC(C)(C)C1=CC=C(CCC=O)C=C1
1696-20-4,CC(=O)N1CCOCC1
10591-84-1,CN(C1C=CC=CC=1)C(=S)SSC(=S)N(C)C1C=CC=CC=1
586-62-9,CC(C)=C1CC=C(C)CC1
57206-89-0,CC(=O)C(N=NC1C=CC(C)=CC=1[N+]([O-])=O)C(=O)NC1C=CC(Cl)=CC=1
151-21-3,CCCCCCCCCCCCOS(O)(=O)=O
16753-62-1,C[Si](C=C)(OC)OC
112-34-5,CCCCOCCOCCO
15356-60-2,CC(C)C1CCC(C)CC1O
938063-63-9,CCC(C)(C)C(=O)SCCC(=O)OC
73263-40-8,CC1C=C(N=NC2C3=CC=CC=C3C=CC=2O)C(=CC=1Cl)S(O)(=O)=O
2786-76-7,CCOC1C=CC=CC=1NC(=O)C1=CC2C=CC=CC=2C(N=NC2C=CC(=CC=2)C(N)=O)=C1O
3891-33-6,C=COCCCCOC=C
19321-40-5,CCCCCCCCC=CCCCCCCCC(=O)OCC(COC(=O)CCCCCCCC=CCCCCCCCC)(COC(=O)CCCCCCCC=CCCCCCCCC)COC(=O)CCCCCCCC=CCCCCCCCC
92-72-8,COC1=CC(OC)=C(C=C1Cl)NC(=O)C1C=C2C=CC=CC2=CC=1O
120-61-6,COC(=O)C1C=CC(=CC=1)C(=O)OC
66108-95-0,CC(=O)N(CC(O)CO)C1C(I)=C(C(I)=C(C=1I)C(=O)NCC(O)CO)C(=O)NCC(O)CO
95-55-6,NC1C=CC=CC=1O
3687-45-4,CCCCCCCCC=CCCCCCCCC(=O)OCCCCCCCCC=CCCCCCCCC
20292-08-4,CCCCC(COC(=O)CCCCCCCCCCC)CC
6022-22-6,NC1C2=C(C(=CC=1S(O)(=O)=O)C1C=C(C(N)=C3C=1C(=O)C1C=CC=CC=1C3=O)S(O)(=O)=O)C(=O)C1C=CC=CC=1C2=O
118-48-9,O=C1OC(=O)NC2C=CC=CC1=2
110-59-8,CCCCC#N
105-58-8,CCOC(=O)OCC
60045-26-3,O=C(OCCCC1C=CC=CC=1)C1C=CC=CC=1
5976-55-6,CC(=O)OC1CCC2(C)C3CCC4C=C(C=CC=4C3CCC21C)OC
5146-66-7,CC(C)=CCCC(C)=CC#N
27375-52-6,CC(=O)NC1C=CC(=CC=1)S(=O)(=O)CCO
97-52-9,COC1=CC(=CC=C1N)[N+]([O-])=O
150-13-0,NC1=CC=C(C=C1)C(O)=O
103429-90-9,COC(C)(C)CCOC(C)=O
64896-70-4,CCCCCCCC(=O)OC1COC2C1OCC2OC(=O)CCCCCCC
25899-50-7,CCC=CC#N
143-28-2,CCCCCCCCC=CCCCCCCCCO
4314-14-1,CC1=NN(C(=O)C1N=NC1C=CC=CC=1)C1C=CC=CC=1
130-23-4,NC1C=CC(=C2C=C(C=C(O)C2=1)S(O)(=O)=O)S(O)(=O)=O
63843-89-0,CCCCC(CC1C=C(C(O)=C(C=1)C(C)(C)C)C(C)(C)C)(C(=O)OC1CC(C)(C)N(C)C(C)(C)C1)C(=O)OC1CC(C)(C)N(C)C(C)(C)C1
78182-00-0,C[N+](C)(CCO)CCCO
141-13-9,CC(C)=CCCC(C)CCCC(C)C=O
106-29-6,CC(C)=CCCC(C)=CCOC(=O)CCC
112-84-5,CCCCCCCCC=CCCCCCCCCCCCC(N)=O
544-35-4,CCCCCC=CCC=CCCCCCCCC(=O)OCC
6283-92-7,CCCCCCCCCCCCOC(=O)C(C)O
141-53-7,OC=O
128-44-9,O=C1NS(=O)(=O)C2C=CC=CC1=2
111-85-3,CCCCCCCCCl
166410-05-5,CC(C)(C)OC(=O)N1CC(=O)CC1C(=O)OC(C)(C)C
470-82-6,CC1(C)OC2(C)CCC1CC2
61320-65-8,CC1C(C#N)=C(N)SC=1C(=O)OC
112-61-8,CCCCCCCCCCCCCCCCCC(=O)OC
96-45-7,S=C1NCCN1
25321-14-6,CC1C=CC=CC=1
947753-66-4,COC1C=CC(=CC=1)C(=C(C#N)C(=O)OCC(CCCC)CC)C1C=CC=CC=1
101-14-4,NC1C=CC(CC2=CC(Cl)=C(N)C=C2)=CC=1Cl
134-71-4,CC(NC)C(O)C1C=CC=CC=1
338-83-0,FC(F)(F)C(F)(F)C(F)(F)N(C(F)(F)C(F)(F)C(F)(F)F)C(F)(F)C(F)(F)C(F)(F)F
56-45-1,NC(CO)C(O)=O
85-41-6,O=C1NC(=O)C2C=CC=CC1=2
25973-55-1,CC(C)(CC)C1C=C(C(O)=C(C=1)N1N=C2C=CC=CC2=N1)C(C)(C)CC
56-06-4,NC1NC(=N)CC(=O)N=1
91-30-5,NC1=CC(=C(C=C1)NC1C=CC=CC=1)S(O)(=O)=O
45294-18-6,CC(=C)C(=O)OCCCCCCCCCCCCCCCCCCCC
20349-39-7,OC1=CC(=CC2C=C(C=CC1=2)S(O)(=O)=O)S(O)(=O)=O
32582-32-4,CCCCCCCCCCCCCCCCC(CO)CCCCCCCCCCCCCC
629-40-3,N#CCCCCCCC#N
27247-96-7,CCCCC(CO[N+]([O-])=O)CC
636-30-6,NC1=CC(Cl)=C(Cl)C=C1Cl
20748-72-5,NCCO
65405-70-1,CCCCCC=CCCC=O
66422-95-5,NC1=CC(N)=C(C=C1)OCCO
5977-14-0,CC(=O)CC(N)=O
56966-52-0,NC1C=C(Cl)C=CC=1OC1C=CC(Cl)=CC=1Cl
51548-48-2,OS(=O)(=O)C1C=C2C=CC=CC2=CC=1
90-17-5,CC(=O)OC(C1C=CC=CC=1)C(Cl)(Cl)Cl
135452-42-5,CC(C)(O)C(=O)C1=CC2=C(C=C1)C(C)(C)CC2(C)C1C=CC(=CC=1)C(=O)C(C)(C)O
67801-15-4,CC(C=CC1CC=C(C)C1(C)C)C(C)=O
24650-42-8,COC(OC)(C(=O)C1C=CC=CC=1)C1C=CC=CC=1
51575-61-2,CC(C=O)=CC1OCC(C)(C)CO1
55947-46-1,C#CCS(O)(=O)=O
131427-21-9,OCC1=NN(CC2C=CC=CC=2)C2=CC=CC=C21
932742-30-8,CC1(C)CC(CC(C)(C1)CN=CC(C)(C)COC(=O)CCCCCCCCCCC)N=CC(C)(C)COC(=O)CCCCCCCCCCC
479541-17-8,CN(CCS(=O)(=O)CCOS(O)(=O)=O)C1N=C(F)N=C(NC2=CC=C3C(C=C(C(N=NC4C=C(OC)C(=CC=4N=NC4C=C(C=CC=4O)S(O)(=O)=O)OC)=C3O)S(O)(=O)=O)=C2S(O)(=O)=O)N=1
26919-50-6,CN(CCCCCC(O)=O)S(=O)(=O)C1C=CC=CC=1
627-89-4,CCCCCCCCC=CCCCCCCCC(=O)OCCC(C)C
111-29-5,OCCCCCO
25564-22-1,CCCCCC1=CCCC1=O
55066-48-3,CC(CCO)CCC1C=CC=CC=1
57-09-0,CCCCCCCCCCCCCCCC[N+](C)(C)C
2702-72-9,OC(=O)COC1C=CC(Cl)=CC=1Cl
923-02-4,CC(=C)C(=O)NCO
122-62-3,CCCCC(COC(=O)CCCCCCCCC(=O)OCC(CCCC)CC)CC
109-67-1,CCCC=C
134724-55-3,O=C1OC2=CC3=C(C4C=CC(=CC=4)OCC4CCCO4)C(=O)OC3=CC2=C1C1C=CC=CC=1
2425-85-6,CC1=CC(=C(C=C1)N=NC1C(O)=CC=C2C=CC=CC2=1)[N+]([O-])=O
75234-41-2,CC1C=C(C=CC=1N=NC1=C(O)C(=CC=C1O)N=NC1C=CC=CC=1C(O)=O)S(O)(=O)=O
123-05-7,CCCCC(CC)C=O
14073-97-3,CC(C)C1CCC(C)CC1=O
120-57-0,O=CC1C=C2OCOC2=CC=1
68921-53-9,CCCCCCCCCCCCCCCCCCOC(=O)C=CC(=O)OCCCCCCCCCCCCCCCCCC
88-19-7,CC1C=CC=CC=1S(N)(=O)=O
26658-19-5,CCCCCCCCCCCCCCCCCC(=O)OCC(OC(=O)CCCCCCCCCCCCCCCCC)C1OCC(O)C1OC(=O)CCCCCCCCCCCCCCCCC
29878-91-9,OC(=O)C1C=CC=C2C=CC=C(C2=1)C1=CC=CC2=CC=CC(=C21)C(O)=O
6938-94-9,CC(C)OC(=O)CCCCC(=O)OC(C)C
80118-06-5,CC(=C)CC(C)OC(=O)C(C)C
11140-04-8,CCCCCCCC(O)=O
7473-98-5,CC(C)(O)C(=O)C1C=CC=CC=1
58-55-9,CN1C(=O)C2NC=NC=2N(C)C1=O
107-21-1,OCCO
166410-06-6,CN(C)C=C1C(C(=O)OC(C)(C)C)N(CC1=O)C(=O)OC(C)(C)C
3468-63-1,[O-][N+](=O)C1=CC(=C(C=C1)N=NC1=C(O)C=CC2=CC=CC=C21)[N+]([O-])=O
596-03-2,OC1C=CC2=C(OC3=C(C=CC(O)=C3Br)C32OC(=O)C2=CC=CC=C32)C=1Br
25371-54-4,CCCCCCCCCCCCCCCCCCP(=O)(OC)OC
72496-88-9,CC(=O)C(N=NC1C=C(C=CC=1O)S(N)(=O)=O)C(=O)NC1C=CC=CC=1
112-25-4,CCCCCCOCCO
103-23-1,CCCCC(COC(=O)CCCCC(=O)OCC(CCCC)CC)CC
108-83-8,CC(C)CC(=O)CC(C)C
156-83-2,NC1N=C(Cl)C=C(N)N=1
5655-61-8,CC1(C)C2CC(OC(C)=O)C1(C)CC2
4531-49-1,CC(=O)C(N=NC1=CC=C(C=C1Cl)C1=CC(Cl)=C(C=C1)N=NC(C(=O)NC1=CC=CC=C1OC)C(C)=O)C(=O)NC1=CC=CC=C1OC
94-04-2,CCCCC(CC)C(=O)OC=C
2781-00-2,CC(C)(C)OOC(C)(C)C1C=CC(=CC=1)C(C)(C)OOC(C)(C)C
55258-21-4,CCCCCCCCCCCCCCCCCCOC(=O)CCC(NC(=O)CCCCCCCCCCC)C(=O)OCCCCCCCCCCCCCCCCCC
68258-72-0,CCCCCCCCCCCCCCCCCCCCCC(=O)OCC(COC(=O)CCCCCCCCCCCCCCCCCCCCC)(CO)CO
123989-31-1,CC(C=C)C(O)C1=CC=C(Cl)C=C1
130-26-7,OC1C(I)=CC(Cl)=C2C=CC=NC2=1
26159-31-9,COC1=CC2=CC=C(C=C2C=C1)C(C)C(O)=O
68516-75-6,OC1C(N=NC2=CC=CC(Cl)=C2Cl)=C2C=CC=CC2=CC=1C(=O)NC1C=CC=C2C(=CC=CC=12)NC(=O)C1C=C2C=CC=CC2=C(N=NC2=CC=CC(Cl)=C2Cl)C=1O
35453-19-1,NC1C(I)=C(C(I)=C(C=1I)C(O)=O)C(O)=O
75-08-1,CCS
61-90-5,CC(C)CC(N)C(O)=O
13674-84-5,CC(CCl)OP(=O)(OC(C)CCl)OC(C)CCl
947-42-2,O[Si](O)(C1C=CC=CC=1)C1C=CC=CC=1
17639-93-9,COC(=O)C(C)Cl
13863-31-5,CN(CCO)C1N=C(NC2C=C(C(C=CC3C=CC(=CC=3S(O)(=O)=O)NC3=NC(=NC(NC4C=CC=CC=4)=N3)N(C)CCO)=CC=2)S(O)(=O)=O)N=C(NC2C=CC=CC=2)N=1
2783-94-0,OC1C=CC2=CC(=CC=C2C=1N=NC1C=CC(=CC=1)S(O)(=O)=O)S(O)(=O)=O
68391-30-0,COC1=CC=CC=C1N=NC1=C(O)C=CC2=CC=C(C=C21)[N+](C)(C)C
15373-31-6,CC1=CCC(CC#N)C1(C)C
764667-65-4,O=C(CC(=O)CC1=CC(F)=C(F)C=C1F)N1CC2=NN=C(N2CC1)C(F)(F)F
160583-22-2,C=C(C#N)C(=O)OCCC1C=CC=CC=1
103-95-7,CC(C)C1=CC=C(CC(C)C=O)C=C1
26381-41-9,C[N+](C)(C)C1C=C2C(N=NC3C=CC(N)=CC=3)=C(O)C=CC2=CC=1
7320-37-8,CCCCCCCCCCCCCCC1CO1
131-11-3,COC(=O)C1C=CC=CC=1C(=O)OC
14320-04-8,C1=CC=CC2C3N=C4N=C(NC5=NC(=NC6NC(N=C(N=3)C=21)=C1C=CC=CC1=6)C1C=CC=CC=15)C1C=CC=CC=14
1079221-49-0,NC1C(=NN2C=CC=CC2=1)OCCO
79992-76-0,CCC(CC)C(O)=O
123989-29-7,CC(C1CC1)C(=O)C1=CC=C(Cl)C=C1
628-89-7,OCCOCCCl
23255-99-4,OC(=O)COC1=NN(CC2C=CC=CC=2)C2C=CC=CC=21
40203-73-4,COC(=O)C=C1CCCC1
16142-27-1,NC1=C[N+](=NO1)N1CCOCC1
857035-95-1,NC1C(=N)C(=O)N2CCCN21
41669-30-1,CC(C)CCCCCCCCCCCCCCCOC(=O)CCCCCCCCCCCCCCC(C)C
142-96-1,CCCCOCCCC
89-63-4,NC1C=CC(Cl)=CC=1[N+]([O-])=O
615-50-9,CC1C=C(N)C=CC=1N
85-68-7,CCCCOC(=O)C1C=CC=CC=1C(=O)OCC1C=CC=CC=1
28510-23-8,CC(C)(COC(=O)C(CCCC)CC)COC(=O)C(CCCC)CC
112-39-0,CCCCCCCCCCCCCCCC(=O)OC
106-46-7,ClC1C=CC(Cl)=CC=1
1897-52-5,N#CC1C(F)=CC=CC=1F
119-70-0,NC1=CC(=C(C=C1)NC1C=CC(N)=CC=1)S(O)(=O)=O
84229-70-9,COC1C=C(N=NC2C(=CC3C=C(C(N=NC4=CC=C(C=C4)S(=O)(=O)CCOS(O)(=O)=O)=C(N)C=3C=2O)S(O)(=O)=O)S(O)(=O)=O)C(=CC=1S(=O)(=O)CCOS(O)(=O)=O)OC
39515-51-0,O=CC1=CC(=CC=C1)OC1C=CC=CC=1
62599-49-9,CC(=C)CC1CCCCCCCCCCC1=O
100-01-6,NC1=CC=C(C=C1)[N+]([O-])=O
831-51-6,NC1=CC(=CC(=C1O)C(O)=O)[N+]([O-])=O
6041-94-7,OC1C(N=NC2=CC(Cl)=CC=C2Cl)=C2C=CC=CC2=CC=1C(=O)NC1C=CC=CC=1
616-02-4,CC1=CC(=O)OC1=O
28783-41-7,C1NCCC2SC=CC=21
123944-63-8,OCCOCCOCCCNC1C=CC(NCCCOCCOCCO)=C2C=1C(=O)C1=CC=CC=C1C2=O
112-50-5,CCOCCOCCOCCO
99-51-4,CC1=CC(=CC=C1C)[N+]([O-])=O
68134-22-5,CC(=O)C(N=NC1=CC=CC=C1C(F)(F)F)C(=O)NC1=CC2NC(=O)NC=2C=C1
548-61-8,NC1C=CC(=CC=1)C(C1C=CC(N)=CC=1)C1C=CC(N)=CC=1
108-78-1,NC1N=C(N)N=C(N)N=1
79-74-3,CC(C)(CC)C1C=C(O)C(=CC=1O)C(C)(C)CC
72361-35-4,CC(C)CCCCCCCCCCOC(=O)C1C=C(C=CC=1C(=O)OCCCCCCCCCCC(C)C)C(=O)OCCCCCCCCCCC(C)C
1742-95-6,NC1=CC=C2C3C1=CC=CC=3C(=O)NC2=O
98-95-3,[O-][N+](=O)C1C=CC=CC=1
100-21-0,OC(=O)C1C=CC(=CC=1)C(O)=O
71701-14-9,CC1=NN(C2C=C(Cl)C=CC=2)C(=O)C1N=NC1C=C(C=CC=1O)S(=O)(=O)NC
121-43-7,COB(OC)OC
99-63-8,O=C(Cl)C1C=C(C=CC=1)C(=O)Cl
16251-77-7,CC(CC=O)C1C=CC=CC=1
2840-28-0,NC1C=C(C=CC=1Cl)C(O)=O
79-07-2,NC(=O)CCl
143-07-7,CCCCCCCCCCCC(O)=O
5850-86-2,CC1C=C(C=CC=1N=NC1C2=CC=CC=C2C=CC=1O)S(O)(=O)=O
13752-51-7,S=C(SN1CCOCC1)N1CCOCC1
52605-52-4,ClC1C=C(C=CC=1)N1CCN(CCCCl)CC1
65113-95-3,CC(=O)C(C)=CCC1CC=C(C)C1(C)C
141-17-3,CCCCOCCOCCOC(=O)CCCCC(=O)OCCOCCOCCCC
27344-06-5,NC(=O)CCN(CCO)C1N=C(NC2=CC(=C(C=C2)C=CC2=CC=C(C=C2S(O)(=O)=O)NC2N=C(NC3C=CC=CC=3)N=C(N=2)N(CCO)CCC(N)=O)S(O)(=O)=O)N=C(NC2C=CC=CC=2)N=1
80-54-6,CC(CC1=CC=C(C=C1)C(C)(C)C)C=O
123-30-8,NC1=CC=C(O)C=C1
133-14-2,O=C(OOC(=O)C1C=CC(Cl)=CC=1Cl)C1C=CC(Cl)=CC=1Cl
1472633-72-9,OCC(CO)OB(OC(CO)CO)OC(CO)CO
92-69-3,OC1C=CC(=CC=1)C1C=CC=CC=1
131860-97-4,COC(=O)C(=COC)C1=CC=CC=C1OC1=CC(Cl)=NC=N1
93803-89-5,CC(C)CCCCCC(=O)OCC(COC(=O)CCCCCC(C)C)(COC(=O)CCCCCC(C)C)COC(=O)CCCCCC(C)C
2186-92-7,COC1C=CC(=CC=1)C(OC)OC
2687-94-7,CCCCCCCCN1CCCC1=O
108-03-2,CCC[N+]([O-])=O
29806-73-3,CCCCC(COC(=O)CCCCCCCCCCCCCCC)CC
976-56-7,CC(C)(C)C1=CC(CP(=O)(OCC)OCC)=CC(=C1O)C(C)(C)C
88-75-5,[O-][N+](=O)C1C=CC=CC=1O
7695-91-2,CC(C)CCCC(C)CCCC(C)CCCC1(C)CCC2=C(O1)C(C)=C(C)C(OC(C)=O)=C2C
2495-27-4,CC(=C)C(=O)OCCCCCCCCCCCCCCCC
439685-79-7,CC(O)CC1OCC(O)C(O)C1O
42872-30-0,CC(C#N)C1=CC(=CC=C1)C(=O)C1C=CC=CC=1
90-02-8,OC1=CC=CC=C1C=O
345-92-6,O=C(C1C=CC(F)=CC=1)C1C=CC(F)=CC=1
3332-27-2,CCCCCCCCCCCCCC[N+](C)(C)[O-]
693-21-0,[O-][N+](=O)OCCOCCO[N+]([O-])=O
110-42-9,CCCCCCCCCC(=O)OC
17689-77-9,CC[Si](OC(C)=O)(OC(C)=O)OC(C)=O
6117-80-2,OCC=CCO
14154-42-8,C1=CC=CC2C3NC(N=C4N=C(N=C5NC(N=C6N=C(N=3)C3C=CC=CC=36)C3=CC=CC=C35)C3C=CC=CC=34)C=21
24748-23-0,CC1(CC)OOC(C)(CC)OOC(C)(CC)OO1
154607-01-9,N#CC1C=CC(Br)=CC=1Cl
34335-10-9,OP(O)(=O)C1C=CC=CC=1
22393-85-7,CCCCCCCCCCCCCCOC(=O)CCCCCCCC=CCCCCCCCC
123-28-4,CCCCCCCCCCCCOC(=O)CCSCCC(=O)OCCCCCCCCCCCC
778-94-9,N#CC1C=CC(=CC=1[N+]([O-])=O)C(F)(F)F
3576-88-3,N=C1NC(=N)N=C(N1)NC1NC(=N)NC(=N)N=1
52603-48-2,CC1=C(C#N)SC(N)=C1C#N
5064-31-3,OC(=O)CN(CC(O)=O)CC(O)=O
157577-99-6,NC1=CC(N)=C(C=C1)N=NC1C=CC(=CC=1)S(=O)(=O)NC1C=CC(=CC=1)N=NC1C(=CC2=CC(=C(N=NC3C=CC=CC=3)C(O)=C2C=1N)S(O)(=O)=O)S(O)(=O)=O
80-62-6,CC(=C)C(=O)OC
112-76-5,CCCCCCCCCCCCCCCCCC(=O)Cl
3234-28-4,CCCCCCCCCCCCC1CO1
4394-85-8,O=CN1CCOCC1
54889-63-3,CCOCC1CCC(COCC)CC1
68921-52-8,CCCCCCCCCCCCCCCCOC(=O)C=CC(=O)OCCCCCCCCCCCCCCCC
68391-32-2,C[N+](C)(C)C1=CC2C(N=NC3C=C(C(N)=CC=3)[N+]([O-])=O)=C(O)C=CC=2C=C1
3039-83-6,C=CS(O)(=O)=O
53207-58-2,CSC1C=CC(=CC=1)C(=O)C(C)C
14338-82-0,CCCCOC(=O)CSCSCC(=O)OCCCC
5131-66-8,CCCCOCC(C)O
24199-46-0,CCC(C)=CCCC(C)=O
110-54-3,CCCCCC
875-74-1,NC(C(O)=O)C1C=CC=CC=1
73612-34-7,CC1C=C(C(=CC=1Cl)N=NC1C2=CC=CC=C2C=CC=1O)S(O)(=O)=O
4711-68-6,CCOC1C=CC(=CC=1)NC(=O)C1C=C2C=CC=CC2=CC=1O
89-87-2,CC1=CC(C)=C(C=C1)[N+]([O-])=O
4219-49-2,CCCCCCCCCCCCCCCC(=O)OCCO
110-65-6,OCC#CCO
461-58-5,NC(=N)NC#N
62125-22-8,CC(C)CCCCCCCCCCCCCCC(=O)OCC(COC(=O)CCCCCCCCCCCCCCC(C)C)(COC(=O)CCCCCCCCCCCCCCC(C)C)COC(=O)CCCCCCCCCCCCCCC(C)C
5459-58-5,CCCCOC(=O)CC#N
147-85-3,OC(=O)C1CCCN1
79-50-5,CC1(C)COC(=O)C1O
111-11-5,CCCCCCCC(=O)OC
32724-62-2,CC1=CC(CC)=C(NC2C=CC(NC3C(CC)=CC(C)=CC=3CC)=C3C=2C(=O)C2C=CC=CC=2C3=O)C(CC)=C1
2243-62-1,NC1C=CC=C2C=1C=CC=C2N
15022-08-9,C=CCOC(=O)OCC=C
129-17-9,CCN(CC)C1C=CC(=CC=1)C(C1C=CC(=CC=1S(O)(=O)=O)S(O)(=O)=O)=C1C=CC(C=C1)=[N+](CC)CC
3734-67-6,CC(=O)NC1=CC(=CC2=CC(=C(N=NC3C=CC=CC=3)C(O)=C12)S(O)(=O)=O)S(O)(=O)=O
68123-13-7,C[N+](C)(C)C1=CC(=CC=C1)NC1C=C(N)C2C(=O)C(Br)=CC(=N)C=2C=1O
111-69-3,N#CCCCCC#N
67763-18-2,CC(C)CCCCCCCCCCCCCCCOC(=O)C(O)CC(=O)OCCCCCCCCCCCCCCCC(C)C
94200-74-5,CCCCC(COS(O)(=O)=O)CCCCCC
73507-17-2,OC(=O)C1C=CC=CC=1N=NC1C(=CC2C=C(C=CC=2C=1O)NC1N=C(NC2C=C(C=CC=2)S(O)(=O)=O)N=C(Cl)N=1)S(O)(=O)=O
81-39-0,CC1C=CC(=CC=1)NC1=CC=C2C3=C1C(=O)C1C=CC=CC=1C3=CC(=O)N2C
1117-31-3,CC(=O)OC(C)CCOC(C)=O
23552-74-1,CC1C(=C(C)C=C(C)C=1NC1C=CC(NC2C(C)=C(C(C)=CC=2C)S(=O)(=O)NC2CCCCC2)=C2C=1C(=O)C1C=CC=CC=1C2=O)S(=O)(=O)NC1CCCCC1
52846-56-7,CC(=O)C(N=NC1C=CC(=CC=1)[N+]([O-])=O)C(=O)NC1=CC2NC(=O)NC=2C=C1
13463-40-6,[C-]#[O+]
65-45-2,NC(=O)C1=CC=CC=C1O
92-84-2,C1=CC=CC2NC3=CC=CC=C3SC=21
77-94-1,CCCCOC(=O)C(O)(CC(=O)OCCCC)CC(=O)OCCCC
36078-10-1,CCCCCCCCCCCCOC(=O)CCCCCCCC=CCCCCCCCC
70331-94-1,CC(C)(C)C1=CC(CCC(=O)OCCNC(=O)C(=O)NCCOC(=O)CCC2=CC(=C(O)C(=C2)C(C)(C)C)C(C)(C)C)=CC(=C1O)C(C)(C)C
124955-50-6,NCCC1=CNC2=CC=CC=C21
1975-78-6,CCCCCCCCCC#N
65520-46-9,CCCCOCCOCCOCCOC(=O)CCCCC(=O)OCCOCCOCCOCCCC
123-04-6,CCCCC(CCl)CC
17958-73-5,OS(=O)(=O)C1C=C(C=CC=1C=CC1C=CC(=CC=1S(O)(=O)=O)NC1N=C(NC2C=CC=CC=2)N=C(NCCO)N=1)NC1N=C(NC2C=CC=CC=2)N=C(NCCO)N=1
20749-68-2,O=C1C2=C(C3=NC4C=CC=C5C=CC=C(C5=4)N31)C(Cl)=C(Cl)C(Cl)=C2Cl
15206-55-0,COC(=O)C(=O)C1C=CC=CC=1
98-51-1,CC1C=CC(=CC=1)C(C)(C)C
56-81-5,OC(CO)CO
102-76-1,CC(=O)OC(COC(C)=O)COC(C)=O
78-73-9,C[N+](C)(C)CCO
149-73-5,COC(OC)OC
650-51-1,OC(=O)C(Cl)(Cl)Cl
103-60-6,CC(C)C(=O)OCCOC1C=CC=CC=1
88-72-2,CC1=CC=CC=C1[N+]([O-])=O
16090-02-1,OS(=O)(=O)C1C=C(C=CC=1C=CC1C=CC(=CC=1S(O)(=O)=O)NC1N=C(NC2C=CC=CC=2)N=C(N=1)N1CCOCC1)NC1N=C(NC2C=CC=CC=2)N=C(N=1)N1CCOCC1
13351-61-6,CC(C)(CO)CC1C=CC=CC=1
83-56-7,OC1C=CC=C2C=1C=CC=C2O
10401-55-5,CCCCCCCCCCCCCCCCOC(=O)CCCCCCCC=CCC(O)CCCCCC
20030-30-2,CC1=CCC(C)C(C)C1=O
70239-77-9,NC1C=C(C=CC=1)C(O)=NC1C=CC(=C2C=C(C=C(O)C=12)S(O)(=O)=O)S(O)(=O)=O
22412-97-1,CCCCCCCCCCCC(=O)OCCCCCCCCCCCCCC
2691-41-0,[O-][N+](=O)N1CN(CN(CN(C1)[N+]([O-])=O)[N+]([O-])=O)[N+]([O-])=O
83732-72-3,CNC1=NC(=CC=C1N)OC
96-26-4,CC(O)C(O)=O
3467-59-2,CC(=O)NC1C=C(C=CC=1OC)OC
35274-05-6,CCCCCCCCCCCCCCCCOC(=O)C(C)O
482-89-3,O=C1C(=NC2C=CC=CC1=2)C1NC2C=CC=CC=2C1=O
2100-42-7,COC1=CC=C(C=C1Cl)OC
2082-79-3,CCCCCCCCCCCCCCCCCCOC(=O)CCC1C=C(C(O)=C(C=1)C(C)(C)C)C(C)(C)C
24293-43-4,CCCCC(COC(=O)CSCC(=O)OCC(CCCC)CC)CC
5766-67-6,N#CCN(CC#N)CCN(CC#N)CC#N
25151-96-6,CCCCCCCCC=CCCCCCCCC(=O)OCC(COC(=O)CCCCCCCC=CCCCCCCCC)(CO)CO
3048-64-4,C=CC1CC2CC1C=C2
59587-44-9,CCC(COC(=O)CCCCCCCC)CCCC
79-16-3,CNC(C)=O
122-52-1,CCOP(OCC)OCC
3147-75-9,CC(C)(C)CC(C)(C)C1=CC(=C(O)C=C1)N1N=C2C=CC=CC2=N1
1852-17-1,O=C1NCCCN1
14024-61-4,CC(=O)CC(C)=O
108-67-8,CC1C=C(C)C=C(C)C=1
131538-00-6,SCCSCC(CS)SCCS
10461-98-0,N#CC(C1C=CC=CC=1)=C1CCCCC1
92-79-5,COC1C=CC(=CC=1)NC(=O)C1C=C2C=CC=CC2=CC=1O
89-62-3,CC1=CC(=C(N)C=C1)[N+]([O-])=O
15471-17-7,[O-]S(=O)(=O)CCC[N+]1C=CC=CC=1
36177-92-1,CCCCNC1CC(C)(C)NC(C)(C)C1
110-30-5,CCCCCCCCCCCCCCCCCC(=O)NCCNC(=O)CCCCCCCCCCCCCCCCC
1129-42-6,CC1CC(NC(N)=O)NC(=O)N1
95-47-6,CC1C=CC=CC=1C
3918-73-8,[O-]S(=O)(=O)CC(O)C[N+]1C=CC=CC=1
79135-90-3,OC1C(=CC(=CC=1NC1N=C(NC2=CC(=CC(=C2O)C(O)=O)S(O)(=O)=O)N=C(NC2C=C(C=C(C=2O)C(O)=O)S(O)(=O)=O)N=1)S(O)(=O)=O)C(O)=O
119-36-8,COC(=O)C1C=CC=CC=1O
860-22-0,OS(=O)(=O)C1=CC2=C(C=C1)NC(C1=NC3=CC=C(C=C3C1=O)S(O)(=O)=O)C2=O
6422-86-2,CCCCC(COC(=O)C1C=CC(=CC=1)C(=O)OCC(CCCC)CC)CC
23949-66-8,CCOC1C=CC=CC=1NC(=O)C(=O)NC1C=CC=CC=1CC
106-02-5,O=C1CCCCCCCCCCCCCCO1
43035-18-3,CC1C=CC(=CC=1N=NC1C2=CC=CC=C2C=C(C(=O)NC2=CC=C(C=C2)OC)C=1O)C(=O)NC1C=CC(=CC=1)S(O)(=O)=O
79-94-7,CC(C)(C1=CC(Br)=C(O)C(Br)=C1)C1=CC(Br)=C(O)C(Br)=C1
4404-43-7,OS(=O)(=O)C1=CC(=CC=C1C=CC1=CC=C(C=C1S(O)(=O)=O)NC1=NC(NC2C=CC=CC=2)=NC(=N1)N(CCO)CCO)NC1=NC(NC2C=CC=CC=2)=NC(=N1)N(CCO)CCO
108-69-0,CC1=CC(N)=CC(C)=C1
1709-70-2,CC(C)(C)C1=CC(CC2C(C)=C(CC3=CC(=C(O)C(=C3)C(C)(C)C)C(C)(C)C)C(C)=C(CC3=CC(=C(O)C(=C3)C(C)(C)C)C(C)(C)C)C=2C)=CC(=C1O)C(C)(C)C
71216-01-8,CCCCC(COCCCNC(=O)NC1=CC=CC2C1=CC=CC=2NC(=O)NCCCOCC(CCCC)CC)CC
32588-76-4,O=C1C2C(=C(Br)C(Br)=C(Br)C=2Br)C(=O)N1CCN1C(=O)C2=C(C(Br)=C(Br)C(Br)=C2Br)C1=O
180898-37-7,OS(=O)(=O)C1=CC(=CC2N=C(NC=21)C1C=CC(=CC=1)C1NC2C(=CC(=CC=2N=1)S(O)(=O)=O)S(O)(=O)=O)S(O)(=O)=O
93-17-4,COC1C=CC(CC#N)=CC=1OC
90-41-5,NC1C=CC=CC=1C1C=CC=CC=1
140921-24-0,CCCCC(CC)C1OCCN1CCOC(=O)NCCCCCCNC(=O)OCCN1CCOC1C(CCCC)CC
513-85-9,CC(O)C(C)O
102-69-2,CCCN(CCC)CCC
182918-16-7,OC1=CC(O)=C(C=C1)C1N=C(N=C(N=1)C1C=CC(=CC=1)C1C=CC=CC=1)C1C=CC(=CC=1)C1C=CC=CC=1
3905-19-9,OC1C(N=NC2=CC(Cl)=CC=C2Cl)=C2C=CC=CC2=CC=1C(=O)NC1C=CC(=CC=1)NC(=O)C1=CC2=CC=CC=C2C(N=NC2C=C(Cl)C=CC=2Cl)=C1O
96478-09-0,CC(=C)C(=O)OCCC1C=CC(O)=C(C=1)N1N=C2C=CC=CC2=N1
6284-43-1,CCCCCCC(O)CCCCCCCCCCC(=O)OCC(O)CO
112-14-1,CCCCCCCCOC(C)=O
23726-93-4,CC1C=CCC(C)(C)C=1C(=O)C=CC
81-11-8,NC1=CC(=C(C=CC2C=CC(N)=CC=2S(O)(=O)=O)C=C1)S(O)(=O)=O
98-82-8,CC(C)C1C=CC=CC=1
73612-40-5,CC1=NN(C2C=C(Cl)C=CC=2)C(=O)C1N=NC1C=C(C=CC=1O)S(N)(=O)=O
143-22-6,CCCCOCCOCCOCCO
6309-51-9,CCCCCCCCCCCC(=O)OCCC(C)C
29463-06-7,C[N+](CCO)(CCO)CCO
110675-26-8,CC1=CC(CSCCCCCCCCCCCC)=CC(CSCCCCCCCCCCCC)=C1O
51410-72-1,CC(=C)C(=O)NCCC[N+](C)(C)C
3900-45-6,CC(=O)C1=CC2C=CC(=CC=2C=C1)OC
54571-67-4,OC(=O)C1CCC(=O)N1
75980-60-8,CC1C=C(C)C=C(C)C=1C(=O)P(=O)(C1C=CC=CC=1)C1C=CC=CC=1
17351-75-6,C=COCC1CCC(COC=C)CC1
460-00-4,FC1=CC=C(Br)C=C1
14901-07-6,CC1CCCC(C)(C)C=1C=CC(C)=O
99189-60-3,NC(=O)CC1(CC(O)=O)CCCCC1
77-73-6,C1C=CC2C3CC(C=C3)C21
122-32-7,CCCCCCCCC=CCCCCCCCC(=O)OC(COC(=O)CCCCCCCC=CCCCCCCCC)COC(=O)CCCCCCCC=CCCCCCCCC
3851-87-4,CC(C)(C)CC(C)CC(=O)OOC(=O)CC(C)CC(C)(C)C
90-43-7,OC1C=CC=CC=1C1C=CC=CC=1
37763-23-8,COC(=O)C(N)C1C=CC(O)=CC=1
22766-83-2,CCCCCCCCCCCCCC(=O)OCC(CCCCCCCCCC)CCCCCCCC
124-10-7,CCCCCCCCCCCCCC(=O)OC
110-33-8,CCCCCCOC(=O)CCCCC(=O)OCCCCCC
81-83-4,O=C1NC(=O)C2=CC=CC3C=CC=C1C=32
63429-28-7,CC1CCCC(C)(C)C=1C=CC(=O)CC
86-74-8,C1=CC=CC2NC3=CC=CC=C3C=21
118-96-7,CC1C(=CC(=CC=1[N+]([O-])=O)[N+]([O-])=O)[N+]([O-])=O
73573-88-3,CCC(C)C(=O)OC1CCC=C2C=CC(C)C(CCC3CC(O)CC(=O)O3)C21
110-61-2,N#CCCC#N
89-05-4,OC(=O)C1=CC(=C(C=C1C(O)=O)C(O)=O)C(O)=O
500011-86-9,OC(=O)C1=CC(Br)=NN1C1N=CC=CC=1Cl
897626-46-9,CCCCCCCCC(COC(=O)CCCCCCCC(=O)OCC(CCCCCCCCCC)CCCCCCCC)CCCCCCCCCC
135-62-6,COC1=CC=CC=C1NC(=O)C1=CC2C=CC=CC=2C=C1O
59219-71-5,CC(CC(C)(C)C)CCOC(=O)CC(C)CC(C)(C)C
17673-56-2,CCCCCCCCC=CCCCCCCCCCCCC(=O)OCCCCCCCCC=CCCCCCCCC
35139-67-4,NC1CC(Cl)=NC(=N)N=1=O
1118-84-9,CC(=O)CC(=O)OCC=C
25811-35-2,CCCCCCC(=O)OCC(COC(=O)CCCCCC)(COC(=O)CCCCCC)COC(=O)CCCCCC
94-28-0,CCCCC(CC)C(=O)OCCOCCOCCOC(=O)C(CCCC)CC
41098-56-0,CCN(CC)C1=NC(NC2C=C(C(C=CC3C=CC(=CC=3S(O)(=O)=O)NC3=NC(=NC(NC4C=C(C=CC=4S(O)(=O)=O)S(O)(=O)=O)=N3)N(CC)CC)=CC=2)S(O)(=O)=O)=NC(NC2C=C(C=CC=2S(O)(=O)=O)S(O)(=O)=O)=N1
34316-64-8,CCCCCCCCCCCC(=O)OCCCCCC
13043-55-5,CCCCCCCCC(=C)CCCCCC
3749-87-9,CC(CCC(=O)OC)C1CCC2C3C(CC(O)C21C)C1(C)CCC(CC1CC3OC(C)=O)OC(C)=O
133-66-4,OS(=O)(=O)C1C=C(C=CC=1C=CC1C=CC(=CC=1S(O)(=O)=O)NC1=NC(NC2C=CC=CC=2)=NC(NC2C=CC=CC=2)=N1)NC1=NC(NC2C=CC=CC=2)=NC(NC2C=CC=CC=2)=N1
10341-03-4,CCCCCCCCCCCCCCOC(=O)C=CC(=O)OCCCCCCCCCCCCCC
70516-41-5,CC1=CC2OC3=CC(=CC=C3C3(OC(=O)C4=CC=CC=C34)C=2C=C1NC1C=CC=CC=1)N(CCC(C)C)CC
35674-65-8,CCCCCCCCCCCCCCCCCCNC(=O)NCCCNC(=O)NCCCCCCCCCCCCCCCCCC
590-19-2,CC=C=C
3709-43-1,[O-][N+](=O)C1=CC(=C(C=CC2C=CC(=CC=2S(O)(=O)=O)[N+]([O-])=O)C=C1)S(O)(=O)=O
108-87-2,CC1CCCCC1
97384-48-0,CC(CC1C=CC=CC=1)(C=C)C#N
106-42-3,CC1C=CC(C)=CC=1
133978-15-1,CCCCCCC(C)OC(=O)C(=C)C#N
689-67-8,CC(C)=CCCC(C)=CCCC(C)=O
60113-43-1,CC1C2CC(CC1C=O)C2(C)C
25637-99-4,BrC1CCCCCCCCCCC1
12286-66-7,CC(=O)C(N=NC1C=CC(=CC=1[N+]([O-])=O)S(O)(=O)=O)C(=O)NC1C=CC=CC=1C
39236-46-9,OCN1C(NC(=O)NCNC(=O)NC2C(=O)NC(=O)N2CO)C(=O)NC1=O
112-35-6,COCCOCCOCCO
13515-40-7,CC(=O)C(N=NC1C=CC(Cl)=CC=1[N+]([O-])=O)C(=O)NC1=CC=CC=C1OC
82-16-6,CC1C=CC(=CC=1)NC1=CC=CC2=C1C(=O)C1C(=CC=CC=1NC1C=CC(C)=CC=1)C2=O
70161-44-3,OCNCC(O)=O
141-32-2,CCCCOC(=O)C=C
7460-74-4,CCCCC(=O)OCCC1C=CC=CC=1
593-45-3,CCCCCCCCCCCCCCCCCC
97-63-2,CC(=C)C(=O)OCC
28535-81-1,CC(CCC(=O)OC)C1CCC2C3C(CC(=O)C21C)C1(C)CCC(CC1CC3OC(C)=O)OC(C)=O
56519-71-2,CCCCCCCC(=O)OCCCOC(=O)CCCCCCC
616-38-6,COC(=O)OC
1072-15-7,CCCCCCCCCOS(O)(=O)=O
77-90-7,CC(=O)OC(CC(=O)OCCCC)(CC(=O)OCCCC)C(=O)OCCCC
91-20-3,C1=CC=CC2=CC=CC=C21
32360-05-7,CC(=C)C(=O)OCCCCCCCCCCCCCCCCCC
13560-89-9,ClC1(Cl)C2(Cl)C3CCC4C(CCC3C1(Cl)C(Cl)=C2Cl)C1(Cl)C(Cl)=C(Cl)C4(Cl)C1(Cl)Cl
15721-78-5,CC(C)(C)CC(C)(C)C1C=CC(=CC=1)NC1C=CC(=CC=1)C(C)(C)CC(C)(C)C
5153-77-5,CC(=C)C(=O)NCOCCCC
147315-50-2,CCCCCCOC1=CC(O)=C(C=C1)C1N=C(N=C(N=1)C1C=CC=CC=1)C1C=CC=CC=1
566-08-5,CC12CCC(=O)C=C1CCC1C3C(O)CC(=O)C3(C)CCC21
7327-60-8,N#CCN(CC#N)CC#N
56358-17-9,CCCCC(CNC1=CC2=CC=CC=C2C=C1)CC
959-14-8,CCN(CCC1=NC(=NO1)C1C=CC=CC=1)CC
14507-43-8,CCC1(CC=C2CCCC3C=C(C=CC=32)OC)C(O)CCC1=O
4193-55-9,OS(=O)(=O)C1C=C(C=CC=1C=CC1C=CC(=CC=1S(O)(=O)=O)NC1N=C(NC2C=CC=CC=2)N=C(N=1)N(CCO)CCO)NC1N=C(NC2C=CC=CC=2)N=C(N=1)N(CCO)CCO
6846-50-0,CC(C)C(=O)OC(C(C)C)C(C)(C)COC(=O)C(C)C
3567-66-6,NC1=CC(=CC2=CC(=C(N=NC3C=CC=CC=3)C(O)=C21)S(O)(=O)=O)S(O)(=O)=O
618-83-7,OC(=O)C1C=C(O)C=C(C=1)C(O)=O
87-60-5,CC1=C(N)C=CC=C1Cl
3179-47-3,CC(=C)C(=O)OCCCCCCCCCC
65140-91-2,CCOP(O)(=O)CC1=CC(=C(O)C(=C1)C(C)(C)C)C(C)(C)C
108-38-3,CC1=CC(C)=CC=C1
98-73-7,CC(C)(C)C1C=CC(=CC=1)C(O)=O
71832-85-4,CC(=O)C(N=NC1C=CC(=CC=1[N+]([O-])=O)S(O)(=O)=O)C(=O)NC1C=CC=CC=1Cl
14806-72-5,OCCN(CCO)CCO
107-25-5,COC=C
1185130-06-6,CC(C)COC(=O)C1=NN(CC2C=CC=CC=2)C2=CC=CC=C21
35642-64-9,NC(=O)NC1=CC(=CC=C1N=NC1C=C2C(=CC=1S(O)(=O)=O)C=C(C=C2S(O)(=O)=O)S(O)(=O)=O)NC1=NC(Cl)=NC(N)=N1
23779-32-0,CCO[Si](CCCNC(N)=O)(OCC)OCC
1163-19-5,BrC1C(OC2=C(Br)C(Br)=C(Br)C(Br)=C2Br)=C(Br)C(Br)=C(Br)C=1Br
350-46-9,[O-][N+](=O)C1C=CC(F)=CC=1
2706-28-7,NC1C=CC(=CC=1S(O)(=O)=O)N=NC1C=CC(=CC=1)S(O)(=O)=O
126-92-1,CCCCC(COS(O)(=O)=O)CC
111-21-7,CC(=O)OCCOCCOCCOC(C)=O
72576-80-8,CCCCCCCCCCCCCCCC(=O)OCCCCCCCCCCCCCCCC(C)C
507-70-0,CC1(C)C2CC(O)C1(C)CC2
75-00-3,CCCl
847488-62-4,CC(C)C(C)C(C)C(C)C(C)C(C)OC(=O)CCC1C=C(C(O)=C(C=1)C(C)(C)C)C(C)(C)C
60623-04-3,CCCCCCCCC(CCCCCC)C(=O)OCC(COC(=O)C(CCCCCC)CCCCCCCC)(COC(=O)C(CCCCCC)CCCCCCCC)COC(=O)C(CCCCCC)CCCCCCCC
135-63-7,CC1C=CC(Cl)=CC=1NC(=O)C1C=C2C=CC=CC2=CC=1O
110-19-0,CC(C)COC(C)=O
10233-13-3,CCCCCCCCCCCC(=O)OC(C)C
4559-86-8,CCCCN(CCCC)C(=O)N(CCCC)CCCC
18293-82-8,CC(C)C[Si](C)(OC)OC
58670-89-6,CCCCCCCCCCCCC(CO)CCCCCCCCCC
7597-60-6,CN1C(=O)C(NC=O)C(=N)N(C)C1=O
124-17-4,CCCCOCCOCCOC(C)=O
77-85-0,CC(CO)(CO)CO
75-68-3,CC(F)(F)Cl
142-91-6,CCCCCCCCCCCCCCCC(=O)OC(C)C
142-92-7,CCCCCCOC(C)=O
3687-46-5,CCCCCCCCCCOC(=O)CCCCCCCC=CCCCCCCCC
1103-39-5,OC1C=CC2=CC=CC=C2C=1N=NC1C=CC2C=CC=CC=2C=1S(O)(=O)=O
106-22-9,CC(CCO)CCC=C(C)C
142-87-0,CCCCCCCCCCOS(O)(=O)=O
13674-87-8,O=P(OC(CCl)CCl)(OC(CCl)CCl)OC(CCl)CCl
18423-20-6,C1N2CN3CN1CN(C2)C3
3626-36-6,OS(=O)(=O)C1=CC2C=C(C=CC=2C(O)=C1N=NC1C=CC=CC=1)NC(=O)NC1=CC2C=C(C(N=NC3C=CC=CC=3)=C(O)C=2C=C1)S(O)(=O)=O
37811-72-6,CCCCCCCCCCCC(=O)OCC(C)C
139-40-2,CC(C)NC1=NC(Cl)=NC(NC(C)C)=N1
119-40-4,OC1=CC(=CC2C=C(C=CC1=2)NC1C=CC=CC=1)S(O)(=O)=O
120-12-7,C1=C2C=CC=CC2=CC2C=CC=CC=21
791-28-6,O=P(C1C=CC=CC=1)(C1C=CC=CC=1)C1C=CC=CC=1
100556-82-9,C=CS(=O)(=O)C1C=CC(=CC=1)N=NC1C(=CC2C=C(C(N=NC3C=CC(=CC=3)S(=O)(=O)C=C)=C(N)C=2C=1O)S(O)(=O)=O)S(O)(=O)=O
372-31-6,CCOC(=O)CC(=O)C(F)(F)F
1297537-35-9,N#CC1C=CC(=CC=1Cl)C1=CC=NN1C1CCCCO1
121-00-6,COC1C=C(C(O)=CC=1)C(C)(C)C
108-21-4,CC(C)OC(C)=O
5989-27-5,CC1CCC(CC=1)C(C)=C
1843-05-6,CCCCCCCCOC1=CC(O)=C(C=C1)C(=O)C1C=CC=CC=1
106-99-0,C=CC=C
1000777-61-6,C[N+](C)(C)C12CC3CC(C1)CC(C2)C3
111-82-0,CCCCCCCCCCCC(=O)OC
93951-21-4,COC1C=CC(=CC=1N=NC1C(=CC2C=C(C(N=NC3=CC=C(C=C3)S(=O)(=O)CCOS(O)(=O)=O)=C(N)C=2C=1O)S(O)(=O)=O)S(O)(=O)=O)S(=O)(=O)CCOS(O)(=O)=O
95-63-6,CC1=CC(C)=C(C)C=C1
111-02-4,CC(C)=CCCC(C)=CCCC(C)=CCCC=C(C)CCC=C(C)CCC=C(C)C
118-47-8,OC(=O)C1CC(=O)N(N=1)C1C=CC(=CC=1)S(O)(=O)=O
1583-59-1,FC1(F)OC2=CC=CC=C2O1
74-84-0,CC
106-43-4,CC1=CC=C(Cl)C=C1
26650-05-5,C=CCCCCCCCCC(=O)NCCOC(=O)CC(C(O)=O)S(O)(=O)=O
68541-50-4,CCC(COC(=O)CCCCCCCCCCCCCCC(C)C)(COC(=O)CCCCCCCCCCCCCCC(C)C)COC(=O)CCCCCCCCCCCCCCC(C)C
16324-27-9,OS(=O)(=O)C1C=C(C=CC=1C=CC1C=CC(=CC=1S(O)(=O)=O)NC1N=C(NC2C=C(C=CC=2)S(O)(=O)=O)N=C(NCCO)N=1)NC1N=C(NC2C=C(C=CC=2)S(O)(=O)=O)N=C(NCCO)N=1
100-51-6,OCC1C=CC=CC=1
2306-88-9,CCCCCCCC(=O)OCCCCCCCC
59709-38-5,COC(=O)CCN(CCC(=O)OC)C1C=CC(=CC=1)N=NC1=C(Cl)C=C(C=C1Br)[N+]([O-])=O
2125-23-7,O=C1CC(=O)C=CC1=C1N=C(NC(=N1)C1C=CC(=O)CC1=O)C1C=CC(=O)CC1=O
24085-08-3,CC(C)(C)N(CC1C=CC=CC=1)CC(=O)C1=CC(CO)=C(O)C=C1
52298-44-9,COC1=CC(N)=C(C=C1S(=O)(=O)NC1C=CC=CC=1)OC
96-05-9,CC(=C)C(=O)OCC=C
82991-48-8,CCCC1C=CC(=CC=1)C1CCC(CCCCC)CC1
131-17-9,C=CCOC(=O)C1C=CC=CC=1C(=O)OCC=C
121-91-5,OC(=O)C1C=C(C=CC=1)C(O)=O
122-51-0,CCOC(OCC)OCC
96-91-3,NC1C=C(C=C(C=1O)[N+]([O-])=O)[N+]([O-])=O
98-83-9,CC(=C)C1C=CC=CC=1
88-73-3,[O-][N+](=O)C1C=CC=CC=1Cl
94-18-8,OC1=CC=C(C=C1)C(=O)OCC1C=CC=CC=1
13951-70-7,CC12CC(O)C3C(CCC4=CC(=O)C=CC43C)C1CC(O)C2(O)C(=O)CO
2437-25-4,CCCCCCCCCCCC#N
39202-17-0,CCC=CCCCCCCCC(=O)OC
112-60-7,OCCOCCOCCOCCO
56-41-7,CC(N)C(O)=O
1185314-63-9,NC1C2C(=CC(=C(N=NC3C=CC(=CC=3)NS(=O)(=O)C3C=CC(=CC=3)N=NC3C=CC(O)=CC=3O)C=2O)S(O)(=O)=O)C=C(C=1N=NC1C=CC(=CC=1)[N+]([O-])=O)S(O)(=O)=O
110-27-0,CCCCCCCCCCCCCC(=O)OC(C)C
60501-41-9,CCCCCCCCC=CCCCCCCCCOCC1CO1
75173-68-1,OC1C=C(C=CC=1N=NC1C(=CC2C=C(C=CC=2C=1O)S(O)(=O)=O)S(O)(=O)=O)N=N(=O)C1=CC(O)=C(C=C1)N=NC1C(=CC2C=C(C=CC=2C=1O)S(O)(=O)=O)S(O)(=O)=O
99-97-8,CC1C=CC(=CC=1)N(C)C
561-41-1,CNC1C=CC(=CC=1)C(O)(C1C=CC(=CC=1)N(C)C)C1C=CC(=CC=1)N(C)C
78181-99-4,C[N+](C)(CCCOC(=O)C(=CC1C=CC(=CC=1)N(CC)CC)C#N)CCOC(=O)C(=CC1C=CC(=CC=1)N(CC)CC)C#N
103-24-2,CCCCC(COC(=O)CCCCCCCC(=O)OCC(CCCC)CC)CC
108-65-6,COCC(C)OC(C)=O
622-40-2,OCCN1CCOCC1
28473-19-0,CC(C)CCCCCCCOC(=O)CCCCCCCCC(=O)OCCCCCCCC(C)C
142-31-4,CCCCCCCCOS(O)(=O)=O
105-45-3,CC(=O)CC(=O)OC
108-26-9,CC1CC(=O)N=N1
70-55-3,CC1=CC=C(C=C1)S(N)(=O)=O
25111-05-1,CCC(CO)(COC(=O)CCCCCCCC=CCCCCCCCC)COC(=O)CCCCCCCC=CCCCCCCCC
110-63-4,OCCCCO
4430-18-6,CC1C=C(C(=CC=1)NC1C=CC(O)=C2C=1C(=O)C1C=CC=CC=1C2=O)S(O)(=O)=O
86-28-2,CCN1C2=CC=CC=C2C2C=CC=CC1=2
201792-73-6,NC1=CC(N)=C(C=C1)N=NC1C=CC(=CC=1)NS(=O)(=O)C1C=CC(=CC=1)N=NC1C(=CC2C=C(C(N=NC3C=CC(=CC=3)[N+]([O-])=O)=C(N)C=2C=1O)S(O)(=O)=O)S(O)(=O)=O
5080-22-8,CC(C)NO
100-00-5,[O-][N+](=O)C1C=CC(Cl)=CC=1
5232-99-5,CCOC(=O)C(C#N)=C(C1C=CC=CC=1)C1C=CC=CC=1
6600-31-3,C1OC(OCC21COC(OC2)C1CC=CCC1)C1CC=CCC1
17354-14-2,CCCCNC1=CC=C(NCCCC)C2=C1C(=O)C1C=CC=CC=1C2=O
3806-34-6,CCCCCCCCCCCCCCCCCCOP1OCC2(COP(OC2)OCCCCCCCCCCCCCCCCCC)CO1
31335-74-7,CC(C)(COC(=O)CCCCCCC)COC(=O)CCCCCCC
1323-03-1,CCCCCCCCCCCCCCOC(=O)C(C)O
112-11-8,CCCCCCCCC=CCCCCCCCC(=O)OC(C)C
17095-24-8,NC1C2=C(C=C(C(N=NC3=CC=C(C=C3)S(=O)(=O)CCOS(O)(=O)=O)=C2O)S(O)(=O)=O)C=C(C=1N=NC1=CC=C(C=C1)S(=O)(=O)CCOS(O)(=O)=O)S(O)(=O)=O
142-18-7,CCCCCCCCCCCC(=O)OCC(O)CO
67662-96-8,CC(C)(C)C(=O)OCCC1C=CC=CC=1
518-47-8,OC1C=C2OC3=CC(O)=CC=C3C3(OC(=O)C4C=CC=CC3=4)C2=CC=1
79-19-6,NNC(N)=S
839-90-7,OCCN1C(=O)N(CCO)C(=O)N(CCO)C1=O
1569-01-3,CCCOCC(C)O
79072-96-1,CCC1C=CC(=CC=1)C1OCC2OC(OC(C2O1)C(O)CO)C1C=CC(CC)=CC=1
119344-86-4,CN(C)C(CC1C=CC(C)=CC=1)(CC)C(=O)C1C=CC(=CC=1)N1CCOCC1
92-36-4,CC1C=C2SC(=NC2=CC=1)C1C=CC(N)=CC=1
15834-04-5,CCCCC(=O)OCC(COC(=O)CCCC)(COC(=O)CCCC)COC(=O)CCCC
1111-67-7,N#CS
87-41-2,O=C1OCC2=CC=CC=C21
706-14-9,CCCCCCC1CCC(=O)O1
74336-59-7,CC1=NN2C(=NC3C=CC=CC=3C2=O)C1N=NC1C=CC(Cl)=CC=1[N+]([O-])=O
55-63-0,[O-][N+](=O)OC(CO[N+]([O-])=O)CO[N+]([O-])=O
23726-91-2,CC1CCCC(C)(C)C=1C(=O)C=CC
78-63-7,CC(C)(C)OOC(C)(C)CCC(C)(C)OOC(C)(C)C
462-95-3,CCOCOCC
122-99-6,OCCOC1C=CC=CC=1
78-70-6,CC(C)=CCCC(C)(O)C=C
67-68-5,CS(C)=O
80-07-9,O=S(=O)(C1C=CC(Cl)=CC=1)C1C=CC(Cl)=CC=1
97-99-4,OCC1CCCO1
6104-30-9,CC(C)C(NC(N)=O)NC(N)=O
919-31-3,CCO[Si](CCC#N)(OCC)OCC
1854-26-8,OC1C(O)N(CO)C(=O)N1CO
